mean_ocr_confidence,uncertain_tokens_count,missing_mandatory_fields_count,hs_code_invalid_flag,missing_permit_flag,weight_mismatch_flag,quantity_mismatch_flag,desc_similarity_score,risk_label
83.09098538768805,11,0,0,0,0,1,0.9821321790424665,1
83.96806232449832,0,2,0,0,0,0,0.926141389441791,1
91.07890422089861,1,0,1,0,0,0,1.0,2
93.41919254627551,0,0,1,0,0,0,0.77457932213873,2
88.69007463360228,3,1,0,0,0,0,0.7130501784562755,1
76.25748052680686,2,0,0,0,0,0,1.0,0
96.08021254218386,4,0,0,1,0,0,1.0,2
83.42931807342997,14,1,0,0,1,0,0.66246016629919,2
82.43984027278213,4,0,0,1,0,0,1.0,2
71.96558087360718,8,0,0,0,0,0,0.7862875516551892,0
82.21934735689308,8,1,0,0,0,1,1.0,1
78.27639332531973,7,0,1,0,0,1,0.8430180627969521,2
81.1099607204717,2,0,0,0,0,0,0.9100733071340387,0
79.54024434109849,6,0,0,0,0,0,0.9828583096864405,0
81.68138998770726,9,1,0,0,0,0,0.8523410792180827,1
73.43963766600137,2,1,0,0,0,1,0.9851054160405661,1
91.25206487659929,0,0,0,0,0,0,1.0,0
98.22705898678588,7,0,0,0,0,0,0.5806158801154886,1
75.39486481768455,5,0,0,0,0,0,0.9587644486423408,0
73.69204906896981,6,0,0,1,0,0,0.8451892005583844,2
93.69174774794968,4,0,0,0,0,0,0.732209447381335,0
92.72929796856465,8,0,0,0,0,0,0.7693377963400894,0
80.91672230339847,0,0,0,0,1,0,1.0,2
95.99772554261477,3,0,0,1,0,0,0.8753549244050901,2
100.0,5,1,0,0,0,0,0.6993217608421552,1
85.76709999518344,3,0,0,0,0,0,0.7326474623041971,0
82.70383466777993,13,2,0,0,1,0,0.8651940263785195,2
76.21027698834399,12,0,1,0,0,0,0.7752410480044625,2
79.34357200302935,1,1,1,0,0,0,0.9487822636308814,2
88.29856124647242,9,0,0,1,1,0,0.912096886806584,2
100.0,7,1,0,0,0,0,0.9585403704193782,1
82.72909555877835,0,0,0,1,0,0,0.7086226946188806,2
78.3081101943563,11,0,0,1,0,0,0.776867795232485,2
74.8626396866285,2,0,0,0,1,1,1.0,2
78.65032195441178,13,0,0,0,0,0,1.0,0
79.5884749653999,6,0,0,0,0,1,0.8788868355905098,1
90.3587170397424,3,1,1,0,0,0,0.9278337335467796,2
90.54684804147796,12,0,0,0,0,0,0.899498500872155,0
94.88843610373576,4,2,0,0,0,0,0.7487081951477236,1
82.35916531214065,3,0,1,0,0,0,1.0,2
81.77314331333979,1,0,0,0,0,0,0.7712595271551927,0
91.01727493887796,3,1,0,0,0,0,0.9990922896350968,1
74.74909693039871,8,0,0,0,0,0,1.0,0
75.41953417616094,3,1,0,0,0,0,0.8721029447941939,1
100.0,0,0,1,0,0,1,0.8174687603244623,2
70.10074466900817,0,0,1,0,0,0,1.0,2
70.7407252156401,8,0,0,0,1,0,0.9897152088895996,2
95.35843881531945,8,2,0,0,1,0,1.0,2
92.52229654076064,8,0,0,0,0,0,0.8679033728450617,0
77.11048059616638,9,0,1,0,0,0,0.9058175886895249,2
81.73341871494809,11,0,1,0,0,0,0.7210309186965056,2
90.48286222008007,5,0,0,1,1,0,0.7649503186102976,2
91.12514784866963,8,0,0,0,0,0,1.0,0
76.21974360538997,5,2,0,0,1,0,0.8218307862497762,2
100.0,11,0,0,0,0,0,0.880814595513898,0
80.36928698590869,4,0,0,0,0,1,0.972137181740429,1
81.87660492957708,0,1,0,0,0,0,0.710570520593651,1
100.0,0,0,0,0,1,0,0.8762584884259578,2
84.18876093713142,4,0,0,0,1,1,0.8599413631882933,2
72.49041646665579,3,0,0,0,0,0,0.6631965491965667,0
71.86013454425388,4,0,0,0,0,1,0.7182083542719737,1
93.41549096795254,8,1,1,0,0,0,0.9735888201049324,2
73.18662213007362,1,0,1,0,1,0,0.8600222557004438,2
87.5057634744523,9,2,0,0,0,1,0.6624492537309048,1
86.51010350550132,0,0,0,0,1,0,0.822164575494273,2
77.67836307499542,0,1,0,0,0,1,1.0,1
72.04692638391339,14,1,0,1,1,0,0.8885899463986513,2
84.7388255838945,4,0,0,0,0,0,0.9204191548864615,0
73.89082460019442,4,0,0,0,0,1,1.0,1
76.83015365346765,0,0,0,0,0,0,0.9602830785790302,0
82.42342156063192,3,0,0,0,1,0,0.8777684216000085,2
82.74359995930205,6,0,0,0,0,0,0.8822071931606137,0
81.47697112485554,2,1,0,0,0,0,0.9424313968622511,1
90.63826669963753,0,0,0,0,0,0,0.8809562089465812,0
82.03906109808408,5,0,0,0,0,0,1.0,0
81.29860590648508,15,0,0,0,0,0,0.8803001470137252,0
67.91124111342975,12,1,0,0,0,0,0.8358553955377396,1
79.77836543181022,5,0,0,0,0,0,0.7957364151761908,0
93.88740286305287,11,0,0,0,0,1,0.7743559229156556,1
100.0,0,0,1,0,0,0,0.8800821721687794,2
82.61445650805666,6,0,0,0,0,0,0.8674983380603067,0
88.52960498362883,0,0,1,0,1,1,0.7738630066012162,2
73.28257165867362,3,0,0,0,0,0,0.8970441939127091,0
100.0,1,1,0,0,1,0,1.0,2
84.33783108889783,6,1,1,0,0,1,0.7594359050927745,2
91.58029162585905,5,1,1,0,0,0,1.0,2
90.89808345477675,3,0,0,0,1,0,0.917478364309861,2
100.0,2,0,0,1,1,1,0.7228941850726334,2
77.60838094851914,6,1,0,0,0,0,1.0,1
90.58083148147352,3,1,0,0,0,0,0.852519210832958,1
92.2063279523647,0,1,0,1,0,0,0.913028489643509,2
85.22444256757699,6,1,0,0,0,0,0.9298045238250597,1
80.91541927419844,7,0,0,0,0,0,1.0,0
91.40586433976607,5,0,0,0,1,0,1.0,2
85.50405680080205,15,2,0,1,0,1,0.8494417299071535,2
68.55422221885284,7,2,0,0,0,0,0.8014105280588945,1
93.08892100463353,16,0,0,0,0,0,1.0,0
94.68408826713045,6,1,0,0,0,1,1.0,1
91.20782230939662,12,3,0,0,0,0,0.8929084560810728,1
82.35966467830006,0,0,0,0,0,0,0.8316451640200216,0
75.77915826409807,5,2,0,1,0,0,0.9549136388297884,2
100.0,5,0,0,0,0,0,0.764343745985951,0
78.70502550200814,4,0,0,0,1,0,1.0,2
72.82073325897261,0,1,0,0,1,1,0.9099541557654444,2
97.84755022167796,0,0,0,0,0,0,1.0,0
88.46359833449071,8,0,0,0,0,0,0.7371446939803947,0
99.48383583155872,0,1,0,0,1,0,0.9026004753061765,2
84.75594415686557,1,0,1,0,0,0,1.0,2
100.0,4,3,1,1,0,0,0.8507205974391607,2
79.2261652974992,2,0,1,0,0,1,0.9805064494238964,2
78.62180261413461,11,1,0,0,0,1,1.0,1
92.1081609779779,12,1,0,0,0,1,0.7086208180139788,1
80.71347213869511,6,0,0,0,0,0,0.6335669299100002,0
86.15117786791737,0,1,0,0,0,1,0.8269702973838902,1
80.49072231278681,9,0,0,0,1,0,0.9901824947520018,2
86.24159892918377,0,0,0,0,0,0,0.8823946128545829,0
84.1865650388322,9,0,0,0,0,0,0.8243754985873565,0
92.02562044033871,9,0,0,0,0,0,0.8980845989695101,0
97.72441111178246,10,0,0,0,0,0,0.7041313603784971,0
76.10640386276961,0,1,0,0,0,1,0.6998981288208715,1
88.21537534340011,7,1,0,0,0,0,0.6682982149653656,1
79.20999500968728,0,1,1,0,0,0,0.7429943811849243,2
83.18210772478955,8,0,0,0,1,0,0.915968763750122,2
87.21383932770273,1,2,0,0,0,0,0.9651735845306674,1
73.07545567581356,2,2,0,0,1,1,0.7638686606168967,2
84.33420717234269,10,0,0,1,1,0,0.7708414794353942,2
90.70380336281427,7,0,0,1,1,0,0.7194973066877474,2
92.36504031582918,4,0,0,0,0,1,0.8972711627755725,1
76.39479134877017,1,0,0,0,0,0,1.0,0
86.25878814264642,5,0,0,0,0,0,0.8712701382544065,0
91.3158464783672,2,0,0,0,0,0,0.8016233105860107,0
87.3260338947784,2,2,0,1,0,0,0.8537723638079939,2
65.61723347574878,3,0,0,0,0,0,1.0,0
78.72689706057201,5,0,0,0,0,0,1.0,0
98.08333355647926,0,1,0,0,0,0,0.9124767854838696,1
98.3969128346694,3,0,1,0,0,0,1.0,2
83.25465356568932,5,0,1,0,1,0,1.0,2
73.10959589995593,8,0,0,0,0,0,1.0,0
92.01913135025703,10,0,0,0,0,0,0.8511761434940839,0
100.0,9,0,0,0,0,0,1.0,0
74.39809758601682,9,0,0,0,0,0,0.8360226929990902,0
100.0,5,0,0,0,0,0,1.0,0
87.12876993048059,11,0,0,0,0,0,0.957355865416105,0
66.40348368825777,7,2,0,0,0,0,1.0,1
82.50673076185141,3,1,1,1,0,0,0.8190129563744936,2
81.36882757229003,4,0,0,0,0,0,1.0,0
79.3608630645945,9,1,0,0,1,0,0.9889188121618759,2
90.59184718664197,2,0,1,0,0,0,1.0,2
91.26214997600671,3,0,1,0,0,0,0.9406014402212451,2
93.36282299940694,5,0,0,1,0,0,0.6746447308835065,2
82.17166372079431,4,0,1,0,0,0,0.8338276245668327,2
76.96259882811944,14,0,0,0,0,0,0.9161072820125653,0
74.79734842847924,6,0,0,0,1,0,0.505171747480957,2
84.16363260619879,6,0,0,1,0,0,0.8903309360143943,2
93.98608791620187,6,0,0,0,0,0,0.8257758659902905,0
76.95364438449896,8,0,0,0,0,0,0.9061926939930905,0
77.93558172811414,0,0,0,0,0,0,0.9796762833790998,0
69.0253619211557,5,0,0,0,0,0,0.7671322955017463,0
75.79555014297117,0,2,0,0,0,0,0.8851793310476826,1
88.76178281537246,5,2,0,0,0,1,0.8424894296425186,1
87.8014120238027,8,0,0,0,0,0,0.8385695922805997,0
97.33712806226129,4,1,0,0,0,0,0.6757533332835299,1
87.9371856955921,4,0,1,0,0,0,1.0,2
82.64225674410042,1,0,0,0,0,0,0.8099586396765284,0
90.10255419548655,0,0,0,0,0,1,1.0,1
68.6990309324076,4,0,0,0,0,0,0.7948800394953521,0
88.28028292412414,7,1,1,0,0,0,0.9338781897722158,2
57.20358837325214,10,2,0,0,0,0,0.842401060967996,1
95.47281728418372,0,2,1,0,0,0,0.8669626043519344,2
80.72736156010149,1,0,0,0,0,0,0.8717646093158469,0
58.539360446602075,0,0,0,0,0,1,0.813975309188592,1
99.8216288208106,7,0,0,0,1,0,0.8386086713162436,2
94.21820073779139,13,2,1,0,0,0,1.0,2
87.02377370988467,2,1,0,1,0,1,0.9244124041389701,2
89.13105909978255,8,0,1,0,0,0,1.0,2
71.94998136974264,0,0,0,0,0,0,0.6880239182038361,0
85.27127120921838,0,1,0,0,0,0,1.0,1
90.19466079433779,5,0,1,1,0,0,1.0,2
86.2061029136776,4,0,0,0,0,0,1.0,0
91.28829918616844,8,1,0,0,0,1,0.9963768127362853,1
68.57339866239971,7,2,0,1,0,1,0.9926346871926477,2
90.3027696489525,7,1,0,0,0,0,1.0,1
84.3550669012546,4,1,0,0,0,0,1.0,1
74.49766720654894,0,0,0,0,1,0,0.9340083738330429,2
85.43578755221773,5,1,0,1,0,0,1.0,2
64.46779384907447,6,0,0,1,0,0,0.498046841414797,2
91.57838645793524,8,0,0,0,0,0,0.9648766283903075,0
71.16249409862066,5,0,0,0,0,0,0.9797202513182361,0
87.49849318066285,4,0,1,0,0,0,1.0,2
75.22462361613997,5,0,0,0,0,0,0.9036162682075615,0
94.83512275169622,4,1,0,0,0,0,0.8549609861494435,1
78.34206024454328,7,1,0,1,1,0,1.0,2
91.67178301559244,0,0,0,0,0,0,0.9038188214815838,0
90.48250408443066,5,1,0,0,1,0,1.0,2
76.13479727266669,2,0,0,0,0,0,0.7758513877291972,0
85.17542923295649,3,0,0,0,0,0,0.8542529610640547,0
95.30561416069982,2,0,0,0,0,1,0.9470537890124004,1
62.686706629221604,5,0,0,0,0,0,0.918919621554944,0
80.83933769365836,10,0,0,0,0,1,1.0,1
76.22110153385091,1,0,0,0,0,0,0.7063003632258993,0
80.86388356170552,3,1,0,0,1,0,1.0,2
84.06308503132436,12,0,0,0,0,0,0.8807360195251854,0
79.33124861262684,0,0,0,0,0,0,0.6884501658365736,0
82.40422184676916,11,0,0,0,0,0,0.7276658727737879,0
73.55323502962993,11,0,0,0,0,1,1.0,1
70.69720168464885,16,0,1,0,0,0,1.0,2
84.33456397927496,3,0,1,1,1,0,1.0,2
76.46479759963135,2,1,1,0,1,0,1.0,2
90.45102504989919,0,0,0,0,1,0,0.8872380372449992,2
84.8592535828555,0,0,0,0,0,0,0.9979607695509193,0
100.0,9,0,0,0,0,0,0.608235456123609,0
77.81666474109097,4,0,0,0,1,0,0.8170495311373146,2
91.88496205588153,6,1,1,0,0,0,0.8793148332494918,2
96.54043637171536,0,2,0,1,0,0,1.0,2
85.22671283660844,0,0,0,1,0,0,0.8351364592188242,2
92.96045052554676,3,0,1,0,0,0,0.5149838657514592,2
88.25876255194156,4,0,0,0,0,0,0.7207455280285584,0
100.0,7,1,0,0,0,0,0.8173112931320283,1
92.78247759180188,6,3,0,0,0,1,1.0,1
96.27096320972103,3,0,0,0,0,1,0.8864656493818199,1
77.87400462563089,5,0,1,0,0,0,0.8434286523327005,2
100.0,2,0,0,0,0,0,0.7134231767929053,0
81.51865437046334,7,0,0,1,0,0,0.9627410298951364,2
71.02250906934515,6,0,0,1,1,0,0.9018907851752375,2
87.592904065017,12,1,0,0,1,0,1.0,2
86.53183778755742,5,0,0,0,0,0,0.8554660812265966,0
76.38481669558622,5,1,0,1,0,1,1.0,2
58.16651959191148,6,0,0,0,0,0,0.970015354075209,1
88.63506081309826,7,0,0,0,1,0,0.7339611307659155,2
91.77837779076957,17,0,0,0,0,0,0.7322674930656092,0
95.06637799021387,3,0,0,0,0,0,0.9162306335862281,0
97.0459441970863,0,1,0,0,0,1,0.6295953099517599,1
82.38020705203735,3,0,0,0,0,1,0.8568716564474468,1
74.88794618619471,13,0,0,0,0,0,0.636283650126987,0
80.74690012076623,6,1,1,0,0,0,0.942397004058576,2
89.28256446396372,7,1,0,1,0,1,1.0,2
85.46448346119331,2,0,1,0,0,0,0.8705469907785545,2
81.58916334103783,0,0,1,1,0,0,0.8205042149147643,2
79.33455281542672,0,1,0,1,1,1,0.9245479676582931,2
81.76352294944115,14,0,0,0,0,0,1.0,0
83.68573984231004,0,1,0,0,1,0,0.8167549243179529,2
88.07108752880313,1,1,0,0,0,1,0.8809266187717835,1
91.2160975273635,5,1,0,0,0,0,0.8533139626351444,1
86.49560417567176,16,1,1,0,0,0,0.9270552891784387,2
100.0,3,0,0,1,1,0,0.6573380553645662,2
83.01212414338228,13,1,0,0,0,0,0.9201391733696525,1
76.82481170526641,8,1,0,0,0,0,0.8674479066903955,1
72.32336361234718,6,2,0,0,1,0,1.0,2
86.30351102414731,0,2,1,0,0,0,0.9523471018290814,2
72.47669683120338,3,0,0,0,0,0,0.8246051570755963,0
90.19677167193899,1,1,0,0,1,0,0.9044627882099966,2
92.25104170254698,0,0,0,0,0,0,0.9426467439680917,0
75.0035832280343,0,0,0,0,1,0,0.8422134212015215,2
87.23677526795608,1,1,0,0,1,0,1.0,2
76.46635519564892,0,0,0,0,0,0,0.8090306571841183,0
96.57787426112023,0,0,1,0,1,1,0.6535520561809451,2
85.89707950544772,0,1,0,0,0,0,0.9404805297365137,1
96.37078775401771,12,0,0,0,0,0,0.9210785906195311,0
92.4278044990169,12,1,0,0,0,0,0.9470090791341906,1
89.08342898648712,9,0,0,0,0,1,0.6796077394079936,1
75.43480608929111,8,0,0,1,1,0,0.8308535358043477,2
86.33449995932051,3,0,1,0,0,0,0.8884383782438245,2
84.83027974882927,14,3,0,0,0,0,0.9866420760617617,1
99.42524797799116,3,0,0,0,0,1,0.6451694018557059,1
86.97350614987678,3,0,0,0,0,0,0.8979533506841544,0
82.44903371720098,0,0,0,0,0,0,0.9823092685942842,0
94.33503872196151,16,0,1,0,0,0,0.8992633048341183,2
100.0,0,0,0,0,1,0,0.6492521902958147,2
71.12195483974767,7,0,0,0,0,0,0.8625026449070914,0
92.51550423454887,7,0,0,0,0,0,0.7973184222033137,0
89.50945758515249,0,0,0,0,0,0,0.7645726480974178,0
91.32272793762512,0,2,0,1,1,0,0.8470774203917134,2
77.05496040342638,5,0,0,1,1,0,1.0,2
85.69733343789373,9,0,0,0,0,0,0.8326900185307824,0
90.77326061964041,7,0,0,0,0,0,0.7554293386703301,0
79.83542745940869,13,1,0,0,1,0,0.8240203909549165,2
85.96331722311105,14,2,0,0,0,1,0.9849907790036556,1
89.06434192286483,8,0,0,0,0,1,1.0,1
72.40025921412789,9,0,0,0,0,0,1.0,0
100.0,7,0,0,0,0,0,0.7247037224541815,0
89.70354598979578,9,0,0,0,0,0,0.9579241610689386,0
92.65932834668067,7,1,0,0,0,0,0.9397324445401364,1
68.10676479907372,8,0,1,0,0,0,0.8038962317749286,2
96.75099379590552,1,1,0,0,0,0,1.0,1
88.99327554898225,0,0,0,0,1,1,0.8876924490747152,2
88.17430201329863,0,0,0,1,0,0,0.9529585404269073,2
98.40567663928637,8,0,0,0,0,0,0.8061091692077116,0
97.61603041883141,1,0,0,0,0,0,0.8596684593590036,0
93.73054535015618,4,0,0,0,0,0,1.0,0
90.91381876608318,0,1,0,0,0,0,0.767386724171597,1
87.44981775596749,4,0,0,0,1,0,0.9153525465181643,2
81.22006800342312,2,0,1,0,0,0,1.0,2
97.25576793270386,2,1,1,0,0,0,0.9574936046664614,2
64.54453763992143,0,0,0,0,0,0,0.6761502605997692,0
79.57288216535714,9,0,0,0,0,0,0.7867491470439146,0
93.26217558474595,2,0,0,0,0,0,0.6476897771931052,0
73.14622348859702,5,0,0,0,0,0,0.6601482844543354,0
91.92234513148074,13,0,0,0,0,0,1.0,0
92.47279235448656,3,3,0,1,0,0,0.8868103053113859,2
82.29046602101332,0,0,0,0,0,0,1.0,0
63.43088797610473,2,0,1,0,0,0,0.9941509489257346,2
84.09975712865703,12,0,0,0,0,0,0.88111412211592,0
76.68199620171255,0,0,0,1,0,0,1.0,2
84.70502139345398,8,0,0,0,0,1,0.9111428060028494,1
95.19006992608496,4,0,0,0,0,0,0.8960931775859072,0
77.75976572437126,13,0,0,0,0,0,0.8957342410520779,0
97.55279118790719,12,1,0,0,0,0,1.0,1
95.22779719732264,11,0,1,0,0,0,0.9060562028555915,2
85.27448642356381,1,0,0,0,0,0,1.0,0
90.1719637015454,4,0,0,0,1,0,1.0,2
79.65825298640493,1,0,0,0,0,0,1.0,0
98.28612681487787,1,2,0,0,0,1,1.0,1
76.70538412498026,0,0,0,0,1,1,0.9374457383061897,2
79.29088301787591,1,0,0,0,0,1,0.8882751878113667,1
76.53222022401604,8,2,0,0,1,0,1.0,2
97.33783916049299,0,0,0,0,0,0,0.835736546707618,0
100.0,10,0,0,0,1,0,0.6674299919328879,2
94.01039546526248,4,0,0,0,0,0,1.0,0
85.85377836280088,9,0,1,0,0,1,1.0,2
92.26365082625843,4,0,0,0,0,0,1.0,0
61.5835129816488,13,1,0,1,0,1,0.9901854904843095,2
88.6720219177573,9,2,1,0,0,1,0.6229030750074291,2
95.31754022993219,6,0,1,0,1,0,0.8195263801070757,2
100.0,6,0,0,0,0,0,1.0,0
90.25273759602578,5,0,0,0,0,0,0.895067586829503,0
95.70470845971109,9,0,0,1,0,0,0.8839211695282005,2
70.27339142938119,5,1,0,0,0,0,0.688723323817673,1
93.92009186250951,8,1,1,0,0,0,0.8346813493437696,2
91.81969259867802,5,0,0,0,0,0,0.773110426083848,0
65.62926665700991,9,0,0,0,0,0,0.4351431050963737,1
100.0,12,0,0,0,0,0,0.9390735060262247,0
78.80232083111922,3,0,0,0,0,0,0.7258900995388696,0
66.57539259425549,4,0,1,0,0,0,0.9191978697994626,2
93.39649230414754,5,0,0,0,0,0,0.8011650024810193,0
100.0,10,0,0,1,1,0,0.7588357476894231,2
100.0,0,2,0,0,0,0,0.9489136971114857,1
90.90796217255071,2,1,0,0,0,0,1.0,1
79.39869352292628,9,1,0,0,1,0,1.0,2
81.73287970802802,3,0,0,0,0,1,0.8913961380708101,1
94.84878672063111,6,2,1,0,0,0,0.7358602565218281,2
100.0,2,0,0,0,1,0,0.6664476468082465,2
84.04750767451057,6,0,0,0,0,0,0.6606505254851186,0
90.23165637245656,5,1,0,0,0,1,0.5400855785303551,1
100.0,1,1,0,0,1,0,1.0,2
77.34050368253247,5,0,0,0,0,0,1.0,0
76.40999591932663,7,0,0,0,0,1,0.8536196552599246,1
100.0,12,0,0,0,0,0,1.0,0
74.57284515014797,2,0,0,0,0,0,0.7721096661728482,0
80.7231037345906,0,0,0,0,0,0,1.0,0
92.75494199759324,5,2,0,1,0,0,0.8041066914696919,2
88.42294994205112,3,0,0,0,0,0,0.7203389260653046,0
100.0,0,1,1,0,0,1,0.8243143108547253,2
80.36609163222677,2,3,1,0,0,0,0.9445810033671314,2
83.5142945269335,3,0,0,0,0,1,0.8996327705320176,1
86.12797726085094,10,0,0,0,1,0,0.9506241216143837,2
84.7053585553723,0,0,0,0,1,1,0.9173182934953192,2
83.91468439407477,0,0,0,0,0,0,1.0,0
88.35958178143264,2,0,0,0,0,0,1.0,0
77.46733985593875,5,0,0,0,1,0,0.9747936160214778,2
94.18912536066065,4,0,0,1,0,1,0.6333531998178566,2
73.28226218289076,4,1,0,0,1,0,0.937460729767796,2
76.58196365010603,0,0,0,0,0,0,0.8228963684681124,0
81.51383085661837,0,1,1,1,0,1,0.9273466784412967,2
92.8237938914158,0,0,0,0,0,0,0.821894461354999,0
88.64898280268683,16,2,0,0,0,0,1.0,1
86.01795205663508,6,1,0,0,0,1,0.8611944544967878,1
84.60690107749909,3,0,0,0,0,0,0.8065726934070347,0
100.0,5,1,0,0,0,0,0.989117265575403,1
100.0,11,0,0,0,0,0,0.873372545366444,0
80.66585467210776,2,0,0,0,0,0,0.9563684607281425,0
97.09878522230244,2,0,0,0,1,0,1.0,2
87.29986448435967,11,0,0,0,1,0,0.8979814178471299,2
78.15770201705942,6,0,1,0,0,0,1.0,2
72.25926458868253,5,0,0,0,0,0,0.8971583063343346,0
78.15263462871835,0,0,0,0,0,0,0.7101718862923836,0
73.97192785547253,0,0,0,0,0,0,1.0,0
70.74612578436592,15,0,0,0,0,0,0.5104536560930049,1
94.92603142632586,2,0,0,0,1,0,0.9522516006325944,2
72.1939771060466,10,0,0,0,0,0,0.9415167435022479,0
92.84478783933167,5,0,0,0,0,0,1.0,0
91.43434767826271,4,0,0,1,1,1,0.9831240982342018,2
79.74203326774395,9,1,0,0,0,0,1.0,1
82.9417224999435,9,0,1,0,0,0,0.7216804182194526,2
76.2042703404472,4,0,0,0,0,0,1.0,0
90.71775960662535,8,0,1,0,0,0,0.8096915715594736,2
96.6552255743107,5,0,0,0,0,0,1.0,0
90.90377478600115,6,0,0,0,0,0,0.7755559238349021,0
72.49533399577062,1,1,1,0,0,0,0.8512399498760241,2
98.64977761037233,3,0,0,0,0,0,0.946764496459625,0
87.84744133323488,6,1,0,0,0,0,0.9392403305838487,1
79.27303415082008,2,1,0,0,0,0,0.6995926280077569,1
77.32156634203908,0,1,0,0,0,0,0.7000187745410777,1
87.68586387078373,10,2,0,0,0,0,0.928239252914024,1
92.24665369440402,7,0,0,0,0,0,1.0,0
60.296250452482006,8,0,0,0,0,0,1.0,0
96.10094127607373,5,0,0,0,1,0,0.9050801410975198,2
83.27387579464494,8,0,0,0,0,0,0.6018868922662586,0
90.04673562422383,5,1,0,0,0,0,0.981204677761771,1
84.54614744158216,7,0,0,1,0,0,0.872446058241467,2
83.33519657567102,5,0,0,0,1,0,0.8094348433320429,2
94.02589128032463,5,1,0,0,1,0,1.0,2
87.9496732655996,5,0,0,0,0,0,0.9736449339037448,0
80.39254993687683,5,0,0,0,0,0,0.9224275463791053,0
90.61384502826807,0,0,0,0,0,0,0.9917037418510422,0
80.93356084339752,12,0,1,0,0,0,1.0,2
86.26424176214796,1,0,0,1,0,1,0.842452121514751,2
71.643186986478,1,0,0,0,1,0,1.0,2
100.0,0,0,0,1,0,1,1.0,2
89.67766149734355,1,0,0,0,0,1,0.755719598650632,1
67.97074914546012,8,2,1,0,0,1,1.0,2
76.94150633243716,6,0,0,0,0,0,0.9388159274923179,0
89.54589208717893,14,0,1,1,0,0,0.82499666575671,2
99.05047532876837,1,0,1,0,0,0,0.9191089286438943,2
90.874938345976,6,0,0,0,1,0,1.0,2
65.9299585149974,2,0,0,1,0,1,1.0,2
83.48148262852669,7,0,1,0,0,0,0.936972160674517,2
98.75510124136636,0,0,0,0,0,0,0.9555964440356236,0
85.69324553695155,7,2,0,0,0,0,0.9437161725140943,1
68.47341667711842,1,0,0,0,0,1,0.7297431416095362,1
77.40852702355676,5,1,1,0,0,0,0.9042589354288308,2
75.45184343821596,3,0,0,0,0,0,0.716316830903191,0
92.01673526984433,9,0,0,0,0,0,0.9993658433720973,0
86.70806328338765,4,1,0,0,0,1,0.9340970113020579,1
76.60791594423166,0,0,0,0,0,0,0.9712925082702094,0
83.3996377489125,1,0,1,0,0,0,0.9817692764965674,2
77.60692214611319,1,0,0,0,1,0,0.8958411842407256,2
80.1551699014418,5,0,0,0,0,0,0.947194177326649,0
78.35254613581125,3,0,1,0,0,0,0.7181986821243757,2
72.48644878481515,6,1,0,0,0,0,0.986755297369235,1
89.0434959881578,13,1,0,0,0,0,0.7292272648952571,1
83.15548387374056,7,0,0,0,0,0,1.0,0
93.03789072556008,7,1,1,0,0,0,0.9646371839945995,2
75.60904393304648,2,0,0,0,0,0,0.9197033548419635,0
83.79210625625645,9,0,1,0,0,0,0.7313532571795893,2
91.88285878983008,5,0,0,0,0,0,1.0,0
99.1919256390129,1,1,1,0,0,0,0.8323815000274718,2
88.70438415841238,1,2,1,0,0,0,0.9332444044655004,2
85.50171577833316,2,0,0,0,1,1,0.9510891784954253,2
94.23505904941176,6,0,1,1,0,0,0.8277072677920296,2
90.85206241042061,9,0,0,0,1,1,0.8540056757622518,2
85.70147864890183,9,0,0,0,0,0,0.9702575503072663,0
84.17211815104692,7,0,1,0,0,0,0.9362372097064112,2
80.84060990818267,3,0,0,0,0,0,0.9692204584134385,0
81.64882434888261,2,0,0,0,0,0,0.7140933047444347,0
96.12133081595736,2,1,0,0,0,1,1.0,1
72.95977144285088,3,0,1,0,0,0,0.9542003159033303,2
86.33966506817629,11,1,0,0,1,0,0.9862452872756861,2
85.8164812297573,5,0,1,0,0,0,0.8824551047047675,2
95.48370713840895,5,0,0,1,0,0,0.8256668301868737,2
80.53802986138572,0,2,0,0,0,0,0.9390859369928273,1
95.39990451152056,5,0,0,0,1,0,0.6917816804558856,2
85.65530013905875,3,0,0,0,1,0,0.8882942104436024,2
78.28728718828489,6,3,0,0,0,0,1.0,1
85.94824555053252,0,0,0,0,0,0,0.76307071100702,0
93.66434278495619,5,0,0,1,1,0,0.8282157498562581,2
92.17704164597538,18,1,1,1,0,0,1.0,2
72.43377101125103,3,0,0,0,0,0,0.6203530489115957,0
92.70521403669778,1,0,0,0,0,0,0.7239961413449307,0
80.89995336974452,13,0,0,0,0,0,0.9002103159260482,0
70.16351826476371,0,0,0,0,0,0,1.0,0
83.06440999631235,6,0,0,0,1,0,1.0,2
94.64978902464031,14,0,0,0,1,0,1.0,2
100.0,7,0,0,0,1,1,1.0,2
89.10016071826905,4,0,0,0,1,0,1.0,2
82.95641409977553,2,0,0,0,0,1,0.910131154311798,1
83.57116819213977,5,1,0,0,0,1,0.8164542649606176,1
87.23271821181223,6,0,0,1,0,0,0.8984166207671642,2
87.19008933159866,1,0,0,0,1,0,1.0,2
87.3988328441536,9,1,1,0,0,1,0.8947467789021332,2
92.32832210323768,3,1,0,0,1,0,0.8642463512951888,2
95.64436742766587,4,0,1,0,0,0,1.0,2
94.68552926005003,1,0,1,0,0,0,0.9177860859436388,2
92.99716892486543,14,0,0,0,0,0,0.7819130686668598,0
86.58069456058105,13,0,0,0,0,0,0.9528437743875227,0
83.22559373410056,6,0,0,1,0,0,1.0,2
89.00951851276093,0,0,0,0,1,0,0.7878508815840772,2
72.7549099681125,6,0,1,0,0,0,1.0,2
65.24949818845737,0,0,0,0,0,0,0.8936907361491441,0
82.72226727702626,0,0,0,0,0,1,0.6612089011691382,1
97.76275180226587,1,1,0,0,0,0,0.780451884076328,1
100.0,4,0,0,0,0,0,1.0,0
89.35331673792439,0,0,0,1,0,0,0.8251053555346068,2
73.8578463931173,7,0,0,0,1,1,0.8933650205678811,2
86.38464811437659,11,0,0,0,0,0,0.9438664349247045,0
92.7291233483106,10,1,1,1,1,0,1.0,2
88.06249925433656,5,1,1,0,0,0,0.6588908634072489,2
79.83502963695857,1,0,0,1,1,0,0.9662249625538228,2
94.70864358207416,7,1,0,0,0,0,0.9442805568707182,1
87.72550472318319,10,0,1,0,0,0,0.9993633878863872,2
84.3522925373167,9,0,0,0,0,0,1.0,0
83.10753696532366,3,0,0,0,0,1,0.9638266344080086,1
98.75822425310265,0,0,0,0,0,1,1.0,1
100.0,1,0,1,0,0,1,0.8170370068854668,2
79.75298499814626,4,1,0,0,0,0,1.0,1
83.41312025841431,9,0,0,0,0,0,0.9560331416145975,0
82.02943476857384,3,1,1,0,1,0,1.0,2
67.43458613971144,3,0,0,0,0,0,0.9637532916710853,0
78.46959650729114,4,0,0,0,0,0,0.9128655607529192,0
72.60438538820624,0,1,0,0,0,0,0.8273190348736476,1
83.82803252286502,0,0,0,1,1,1,0.9244401673600332,2
91.2541608562946,2,0,0,0,0,0,0.7914106883708043,0
82.92530396490709,11,0,0,0,0,0,0.8041961450141825,0
100.0,0,1,0,1,0,0,0.6943201272862214,2
87.4731809409716,7,0,0,0,0,0,1.0,0
67.34669246596842,2,0,0,0,0,0,0.49871734440365173,1
77.32841202785664,8,0,0,0,0,0,0.7687020810558456,0
85.54356028774718,6,0,0,1,1,0,1.0,2
88.77822157346782,7,2,1,0,0,0,0.5786668129953177,2
82.4808780212643,7,0,0,0,0,0,0.7967075009048488,0
95.81415585010029,7,0,0,0,0,0,0.8264465107742368,0
89.70727717643649,3,0,0,0,0,0,0.8464947181124505,0
90.27819409211918,0,3,0,0,0,0,1.0,1
85.71465072365345,0,2,0,0,0,0,0.8307044572533532,1
81.99727775763087,0,0,1,0,0,0,1.0,2
87.58718301774634,14,0,0,0,0,1,0.864501616817646,1
99.44222447112743,9,2,0,0,1,0,0.8123762647743901,2
97.01908670525182,3,0,0,0,0,0,0.8331400254356212,0
78.79115499881053,5,0,0,0,0,0,0.9820547981302215,0
95.24260262300879,1,0,0,0,0,0,0.8892424103468075,0
91.38558098830424,5,2,0,0,0,0,0.7932651339646737,1
87.20830925537285,7,1,0,0,0,0,0.8358606260348267,1
94.39527183958148,0,0,0,0,0,0,1.0,0
84.2285799231841,2,1,0,0,0,0,0.982297660877793,1
75.30095985846188,4,0,0,1,1,0,0.9376119046302764,2
82.52044136446563,6,1,0,1,0,0,1.0,2
92.8581812909856,8,0,0,0,0,1,0.9739015394112843,1
98.57570515090111,0,0,0,0,0,1,1.0,1
83.49569240090558,17,0,1,0,1,0,1.0,2
100.0,8,2,0,1,0,0,1.0,2
83.14243227859038,0,0,0,0,0,0,0.7315743410305398,0
69.4018768272417,3,1,1,0,1,0,0.972125306742681,2
82.27224775404382,2,0,0,0,0,0,0.9736589105818145,0
95.60133507559182,1,0,1,0,0,0,1.0,2
93.38307133088622,0,0,1,0,0,0,0.9016265688079034,2
80.99133005085504,1,0,0,0,0,0,0.9668756132025468,0
78.734219181295,0,1,0,0,1,0,0.9641146142862385,2
85.72538768426583,1,1,1,0,0,0,1.0,2
75.8412756306388,0,0,0,0,1,0,0.9752803044141545,2
99.11586509181984,7,1,0,0,0,1,0.9070247237476444,1
95.70912456797001,5,1,0,0,0,0,1.0,1
84.45389366498824,7,0,1,0,0,0,0.7789189855232107,2
78.33321435382626,14,0,0,0,0,0,0.5344242469615512,1
69.56558035240124,0,0,0,0,0,0,0.7047425441665301,0
82.05067360594005,11,0,0,0,1,0,0.7562931186389883,2
92.2945187365667,5,1,0,0,0,0,0.8296052327776336,1
73.36464310909386,0,0,0,0,1,0,1.0,2
86.41626679000336,7,0,0,0,1,0,0.9306807994164243,2
87.70019489279572,14,0,0,0,0,0,1.0,0
82.97160519169063,15,1,0,0,0,0,0.9591449802212532,1
91.68797866853299,10,1,1,0,1,0,0.7887465629118224,2
71.22778242561245,3,0,0,0,0,0,0.9749365512614538,0
89.02654379056138,0,0,1,0,0,0,0.8366404209170326,2
86.51871931547835,5,0,0,0,0,1,1.0,1
100.0,6,0,1,0,1,0,0.7469667547354828,2
94.70171452194192,6,0,0,0,0,0,0.9407048290232677,0
86.09371003240477,12,1,0,0,0,0,1.0,1
76.32830147669442,0,1,1,0,0,1,0.9721075635407939,2
83.55142487026555,0,0,1,0,0,0,1.0,2
74.30885610579469,4,0,1,0,0,0,0.9155254869513813,2
81.55483796348173,1,2,0,0,1,0,0.6841791569970312,2
71.69833614901367,1,0,0,1,0,0,0.9423176865109512,2
66.11080004825546,9,0,0,0,0,0,1.0,0
100.0,0,0,0,0,1,0,1.0,2
89.40548921755939,5,0,0,0,0,0,0.8604730383599042,0
87.48259754067502,0,1,1,0,0,0,0.8854355750251294,2
51.262110346993715,3,0,0,0,0,1,0.8398635584642993,1
89.8085905286278,13,0,0,0,0,0,1.0,0
87.7419997853282,8,0,0,1,0,1,0.8483297559316687,2
76.54140281212327,5,0,0,0,0,1,1.0,1
82.01263256942248,3,0,0,0,0,0,0.8720884320601485,0
88.03606688559086,0,0,0,0,0,0,1.0,0
99.54966448343056,0,0,0,0,0,0,0.9450947340262307,0
66.91000175752339,10,0,0,0,0,0,0.8252241969452969,0
64.85141771310285,4,0,0,0,0,0,0.8625997850671395,0
89.51847567699548,1,0,0,0,0,0,0.8495072579203949,0
55.03324692331837,4,1,1,0,0,0,0.8085825741913961,2
87.04224462866968,1,1,0,0,0,0,0.757364344561006,1
92.2875720749813,20,0,1,0,0,0,0.8968414004695963,2
68.36178565721193,7,0,0,0,0,0,0.9678405726777329,0
81.53538827786606,2,1,0,1,0,0,0.844672846913064,2
74.51272143407894,0,1,1,0,0,0,0.7245687213879626,2
89.54963214902669,7,0,1,1,1,0,1.0,2
94.95968663376482,3,2,1,0,0,0,0.8785552120077195,2
74.39613868297863,7,3,1,0,0,1,1.0,2
85.6869581434428,12,1,0,0,0,0,1.0,1
88.81167219378875,0,0,1,0,0,1,1.0,2
82.22801516871625,0,1,0,0,1,0,1.0,2
87.3407009835896,5,0,0,0,0,1,0.9469944394887687,1
74.16984055992546,20,0,0,0,0,0,0.9509417508769249,0
61.631833548391405,0,0,0,1,0,0,0.6866461867336808,2
97.18374071169063,0,0,0,0,0,1,0.7615068520452013,1
86.8996262755869,0,0,0,0,0,1,0.8755147263265088,1
87.33881383276584,5,1,0,0,0,0,0.8003550041989587,1
88.63399296923457,13,0,0,0,0,0,0.6563194497539967,0
83.10523626670934,2,0,0,0,1,0,0.9166248721543393,2
90.37274040783733,2,0,1,0,0,0,0.8399285928918351,2
75.15435320955372,0,1,0,0,0,0,0.8042006071081286,1
86.82515811666354,8,1,1,0,0,0,0.5747206954732731,2
95.1724386634588,9,1,0,0,0,0,0.809435892035951,1
83.42333598947575,4,0,0,0,0,0,0.8897302899441988,0
77.48231700454532,5,2,0,0,0,0,0.8583842328872944,1
88.63409720493952,15,1,0,1,0,0,0.8306232033908612,2
81.05286164650992,9,1,1,0,0,0,1.0,2
94.00120082019218,10,0,0,0,0,0,0.8566619141509794,0
82.02967569431425,3,0,0,0,0,0,0.8661776623706526,0
67.55779307387681,9,0,0,0,0,0,0.9105590305454169,0
92.44049856759477,11,2,0,0,0,0,0.9003622782846988,1
86.61516760729982,4,0,1,0,0,1,0.948356330063322,2
86.6744250719153,2,0,0,1,0,0,0.9987959985862574,2
84.8164326562452,5,0,0,0,0,0,0.8632545695593229,0
66.90820301630649,0,0,1,0,1,0,0.9350007424301696,2
79.15881886866609,7,0,1,0,0,0,0.7949775100446829,2
90.72031356944491,9,3,0,0,0,0,0.9592360846921213,1
75.88337151539535,13,0,0,0,0,0,0.9963266289425785,0
97.55149944058236,4,1,0,0,0,0,1.0,1
90.20852560195834,0,0,0,0,1,0,0.7711825787882755,2
100.0,0,1,0,1,0,0,0.6329607807169505,2
98.68609613413054,14,1,0,1,1,0,1.0,2
100.0,0,0,0,0,1,0,0.7849708668630505,2
77.54497353876488,3,1,0,1,0,0,0.7575503712151797,2
77.75827975796098,0,1,0,0,0,0,0.936514268153936,1
78.56508465464528,7,0,0,0,0,0,0.7955940372225458,0
76.663680944749,0,0,0,0,0,0,1.0,0
96.68799357784728,5,0,0,0,0,0,0.7282696706292021,0
79.47353199092679,9,0,0,0,0,0,0.689471660263656,0
77.46723620035503,7,0,0,0,0,0,0.7816736817572911,0
96.98619421424907,0,0,0,0,0,1,0.8566549873478254,1
68.68128050186668,1,0,0,0,1,0,1.0,2
94.89397695734607,6,1,0,0,0,0,0.968624360533217,1
97.26551150781414,11,0,0,0,0,0,0.7115564324964384,0
77.28958441990781,6,2,0,0,0,0,0.9388738984316971,1
76.0845518826974,4,0,0,1,0,1,0.6794833711975093,2
84.52683905951265,7,0,0,0,1,1,0.8441893612436137,2
100.0,5,1,1,0,0,0,1.0,2
73.21622587021889,11,0,0,0,0,0,1.0,0
67.17190905303957,12,0,0,0,0,0,0.9130736909273183,0
96.01382683973458,0,0,0,0,1,0,0.7182570399571461,2
78.85932672346608,4,0,0,0,0,0,0.8517095604761088,0
86.21428712942495,3,1,0,0,0,0,1.0,1
64.61934222240507,11,0,0,0,1,0,0.7544013247559963,2
86.74008955879843,2,0,0,0,0,0,0.9535824733862458,0
98.3676879394887,8,1,0,0,0,1,0.890796500346042,1
90.54930661495,10,2,0,0,0,0,0.8767047779120649,1
76.84032019170097,7,0,0,1,0,0,0.984454972527996,2
92.22183634872522,4,0,0,0,0,0,0.9512313238422333,0
81.43831616816945,2,0,0,0,0,1,1.0,1
71.3964922639785,7,0,0,0,0,0,0.8600912102989755,0
86.49135269711769,0,0,0,1,0,0,0.8164068500346588,2
91.14606415940875,0,0,0,0,1,0,1.0,2
82.88625359836851,4,1,1,0,0,0,0.8837344875871199,2
72.29137576422622,9,1,0,0,0,0,1.0,1
91.22602997275298,6,1,0,0,1,0,0.7683312554589008,2
74.9827003805209,0,0,0,0,0,0,0.6760184513463819,0
72.766920138091,2,0,0,0,0,0,0.9937589451390407,0
89.56990717186815,5,0,0,0,0,0,1.0,0
80.57867165699025,2,0,0,0,0,0,0.8477633080193094,0
77.82183172707389,5,0,0,0,0,1,0.9812818982440081,1
87.4736900999958,0,0,0,0,1,1,0.6707052734357799,2
100.0,4,1,0,0,0,0,0.8270732967123342,1
92.31690669950993,3,0,0,0,0,0,1.0,0
86.77430672257545,2,0,1,0,0,0,1.0,2
92.53230559023002,1,0,1,0,1,0,0.7404603933626139,2
72.51312386566235,2,1,0,0,1,1,0.8198207674175267,2
77.92874909775449,5,3,0,0,0,0,0.9029380248039827,1
95.60822463128109,4,0,0,0,0,0,0.8190738944716085,0
82.8003269796527,5,0,0,0,0,0,0.7723703025284657,0
84.36772272418108,6,0,1,0,0,0,0.8847660790201587,2
82.57835486943554,10,0,0,0,0,0,0.8334775244094446,0
84.34334770546722,3,0,0,1,0,0,1.0,2
77.12556783100047,4,0,0,0,0,0,1.0,0
74.2639712696766,3,0,0,0,0,0,0.7919980685218931,0
67.80391682405264,0,2,1,0,0,1,0.9569219564561073,2
84.94234480547594,2,1,1,0,0,0,0.6037137578153496,2
74.39761603345273,1,0,0,0,1,1,0.7869666048427572,2
88.22777330277594,0,0,0,0,0,0,0.6134969696982202,0
88.40579975018663,4,2,0,0,0,1,0.8900740417360943,1
86.9219186450383,2,0,0,0,0,0,1.0,0
84.39268504198098,0,0,0,0,0,0,0.7288012030087923,0
98.32820638774685,0,0,1,1,1,0,0.857455539835843,2
84.66287365512704,5,0,0,0,0,0,0.7815386522086046,0
87.8893524929487,4,2,0,0,0,1,0.7886510513466415,1
90.10086834975505,0,0,0,0,0,0,0.9188307804193168,0
88.60264358262332,3,0,0,1,0,0,0.7054642411229173,2
91.56418308083728,4,2,1,0,0,1,0.7358824727762833,2
66.38472154136258,2,0,1,1,1,0,0.9397273321159563,2
76.16010436348526,5,0,0,0,0,0,0.7099634600442339,0
77.83613280412581,6,0,0,0,0,0,0.7080169990664431,0
83.29940487422712,9,2,0,0,0,0,1.0,1
85.65991278827825,0,1,0,1,0,0,0.9540587297079307,2
92.60465151149086,0,0,0,0,0,0,1.0,0
70.91864771425382,3,0,0,0,1,0,1.0,2
84.42457102467047,0,0,0,0,0,0,0.9778082941613785,0
79.96026458279877,1,1,0,0,0,0,0.8389410913859642,1
73.79644019919857,9,0,1,1,0,0,0.9229171976698428,2
76.6923617220582,9,0,0,0,0,0,1.0,0
73.12121018251185,4,0,1,0,0,0,0.8944189819219358,2
98.94534101319152,6,2,1,0,0,0,0.5656365347116108,2
99.75825623879183,7,0,0,1,0,0,0.6509112246995218,2
80.37381334318013,10,0,0,0,0,0,0.9455077542461029,0
100.0,6,2,1,0,0,0,0.8883988131282923,2
76.1462044418399,4,0,0,0,0,0,0.8822449297090177,0
98.62602031030455,0,0,0,0,0,0,1.0,0
97.80451063756419,2,1,0,0,0,0,0.8904709961245731,1
76.74702885478412,5,2,1,1,0,1,0.8425610961473381,2
84.36709977785645,4,0,0,0,0,0,0.9834584206010316,0
72.99802525087384,1,0,0,1,0,0,0.9345284811688306,2
95.2838184939782,4,1,1,0,0,1,1.0,2
93.88425394844363,9,1,0,0,0,1,0.690012258404882,1
80.40242847995437,5,0,0,0,0,1,0.6232593126054196,1
89.09427770776266,2,1,0,0,0,0,1.0,1
71.7841377445738,13,1,0,0,0,0,1.0,1
73.00297179902327,0,0,0,0,0,0,1.0,0
72.71120416606111,2,0,0,0,0,0,0.8043998788034372,0
81.83627179163966,8,0,0,1,0,0,0.9735362276275785,2
92.1616383330434,0,0,0,0,0,0,1.0,0
95.21601573836715,5,0,0,1,0,1,0.980765978721386,2
82.59460934966931,11,2,1,0,1,0,0.8929970594778268,2
98.99570965371174,3,1,0,0,1,0,0.8233788212323534,2
69.96065770171805,2,0,0,0,0,1,1.0,1
83.32518781117261,9,0,0,1,0,1,1.0,2
75.2173955623987,2,0,0,1,1,1,0.6668977837219376,2
73.7273928714047,6,0,0,0,0,0,0.9391088011636233,0
93.47425712678206,5,0,0,0,0,0,0.6609157477436005,0
70.38495265921102,8,0,0,0,1,1,0.8486484285186243,2
87.31036155112338,3,2,0,1,0,0,0.7805627189926091,2
89.4211575201322,5,0,0,0,0,0,0.9810719197004018,0
95.28061164751627,4,0,0,0,0,0,0.8054235752026886,0
89.9578128845493,3,0,0,0,0,0,0.795183004988075,0
80.78407992382377,5,2,0,0,0,1,0.8483399597645794,1
86.404381774968,0,1,0,0,0,0,0.9578754303896668,1
88.44793557422673,9,0,1,0,0,0,0.6701303947297834,2
75.79811022561435,3,0,0,0,1,1,1.0,2
93.00139975902994,4,0,0,0,0,0,0.9346855673874873,0
90.77119074398237,0,0,0,0,0,0,1.0,0
69.7864621244347,5,1,1,0,0,0,1.0,2
98.75454271729377,7,0,0,0,0,1,0.8480917098916436,1
96.63616191843394,2,1,1,0,0,0,0.9875276341704989,2
78.28600659367493,12,0,0,0,0,0,0.9147053649938782,0
82.64932233764777,0,2,0,0,0,0,1.0,1
74.6700549382147,9,2,1,0,0,0,0.9364632295260308,2
100.0,7,0,0,1,0,1,0.9179254002931792,2
95.43100349247786,6,2,0,0,0,0,0.9200048846409922,1
64.96435166265562,5,0,0,0,0,0,0.7607620213697799,0
89.74960441285293,2,0,0,0,0,0,1.0,0
73.68215614574704,6,0,0,0,0,0,0.7320477226497615,0
80.88319894519225,3,0,0,0,0,0,1.0,0
92.81750057877449,12,0,0,0,1,0,1.0,2
85.67408989453597,1,0,0,0,0,0,0.8700765234372269,0
88.20963291104745,6,0,0,1,0,0,1.0,2
83.95154055676232,2,0,1,0,1,0,0.9482128297209013,2
95.72973443057423,3,0,0,0,0,0,0.9037298250915383,0
89.22477961718975,7,0,0,0,0,0,0.7827857914948403,0
73.75543156960704,0,1,0,0,0,0,1.0,1
90.56160452981526,8,0,0,0,0,1,1.0,1
80.5111192737061,4,0,0,0,0,0,0.8529788309267053,0
92.77462308386015,6,1,0,0,0,0,0.7181423127892957,1
88.4360082843037,2,0,1,0,0,0,0.6409107801533227,2
78.81271853104796,7,0,0,0,1,1,1.0,2
73.35844412870445,1,0,0,0,0,0,0.9008401984277817,0
79.27732230079994,5,2,0,1,0,0,0.7532006809836304,2
94.9039611839216,0,1,0,0,0,0,0.907202760836216,1
92.51429725204335,0,1,0,0,1,0,0.9542862117955774,2
73.6291959935999,7,0,0,0,1,0,0.9911829604625476,2
92.10722399440755,7,2,1,0,0,0,0.8635189159822425,2
91.65963249682054,11,0,0,0,0,0,0.7953638836067041,0
70.82962694138713,0,0,0,0,0,0,0.9620446870137309,0
70.92955520707464,13,1,1,0,1,0,0.9410113876959859,2
86.59496511605205,6,1,0,0,0,0,1.0,1
78.1060270277337,5,0,0,0,0,1,0.9465147636981581,1
88.19297005748136,5,0,0,0,0,0,0.8753513474556631,0
82.11868222002187,2,1,0,0,0,0,0.7983770265807345,1
73.32515289881157,4,0,0,0,0,0,0.49169495136937574,1
100.0,2,1,1,0,0,0,0.6490997591842094,2
83.47469962762061,0,0,0,0,0,0,0.8596245966711792,0
88.61077558296272,6,0,1,0,0,0,0.8651171857159908,2
89.17304437587717,3,0,0,0,0,0,0.9589389023374961,0
89.42988257014694,8,0,0,0,0,0,0.8800055462775174,0
97.45751149229925,11,0,0,0,0,0,1.0,0
100.0,6,0,1,0,1,0,1.0,2
72.40870356915735,3,0,0,1,1,0,0.9785008808028353,2
100.0,4,1,0,0,1,0,0.7470655033244263,2
79.56183194307873,6,1,0,0,1,0,1.0,2
97.62417922604378,0,0,0,0,1,1,0.8090524080190954,2
83.56237122837834,4,1,0,0,0,0,1.0,1
72.49976974569678,8,2,0,1,0,0,0.7548056649210997,2
74.73970641771386,4,0,0,1,0,0,0.8960223062397475,2
75.11904541951112,8,0,0,1,0,0,0.9544577887763788,2
60.33103091079042,0,0,0,0,0,1,0.543385463361052,1
82.32453871827721,0,0,0,0,0,0,1.0,0
76.296586784527,0,1,0,0,0,0,0.8365233808890525,1
85.79391908892218,10,0,1,0,0,0,0.7797655628572394,2
86.89990661090017,0,0,0,0,0,1,0.9047191027083864,1
81.77035699226687,6,1,0,0,0,0,0.8990986229036673,1
78.92859918303043,8,0,0,0,0,1,1.0,1
81.43328413198479,5,0,0,0,0,0,1.0,0
68.30199332178724,0,2,0,1,0,0,0.9381155172145753,2
69.67947878571289,12,0,0,0,0,1,0.8279192963772354,1
84.00921115151452,8,0,0,0,0,1,1.0,1
91.80117098056374,0,0,0,0,1,1,0.7717611118299312,2
100.0,2,0,0,0,0,0,0.5843248140204655,1
62.85375146363482,7,1,0,0,1,0,0.855123162669737,2
98.48786516837285,1,0,0,0,0,1,0.756364966245543,1
83.33853128307503,4,0,0,0,0,0,1.0,0
72.65293451037016,11,0,0,0,1,0,0.8856145023766561,2
97.14560941354911,4,0,0,0,1,0,0.9407551013614355,2
77.89897395168185,11,0,0,0,0,0,0.6014695713998315,0
79.25702475591937,3,2,0,0,0,0,0.8890375062530539,1
84.42978088700052,0,0,0,0,0,1,0.9695970620439943,1
85.32165810909648,4,0,0,0,0,0,0.78330073362324,0
74.49095742441304,5,0,1,0,0,0,0.6955230207643511,2
69.03170156201838,3,0,1,0,1,0,0.9921765585708457,2
83.61608242080514,2,0,1,0,0,0,1.0,2
88.20927961243757,5,2,0,1,0,0,0.7997555552606778,2
87.99318611167136,11,1,0,1,0,0,0.8260777893255651,2
86.97204450412505,3,0,0,0,0,0,1.0,0
99.55173846747533,8,1,1,0,0,0,0.8387347939501505,2
85.50090228790913,10,1,0,0,0,0,1.0,1
81.84660507639182,11,1,0,1,1,0,0.7505647837935568,2
81.75266223058723,3,0,0,1,0,0,1.0,2
77.26414262968211,0,0,0,0,0,0,0.8415088530943761,0
89.60964203458761,0,0,0,0,0,0,0.9377276696698159,0
78.54685981349509,0,1,0,0,0,0,0.8522788120734587,1
70.23727063544621,2,0,0,0,0,0,1.0,0
85.59902051793802,2,0,0,0,1,0,0.840587838268462,2
74.42866978434479,4,0,0,0,0,0,0.9290004843455109,0
79.14708268402434,5,0,0,0,0,0,0.778054718705767,0
76.11428206053657,3,0,0,0,1,0,0.7940587499529616,2
88.39017039581488,5,0,0,0,0,0,1.0,0
96.72263919067333,15,0,0,0,1,1,0.8620492751040678,2
82.02072890880673,3,0,0,0,1,0,1.0,2
73.6814958516307,0,0,0,0,0,0,0.9506732182501805,0
86.39030942191853,2,0,0,1,0,0,0.7409951980992047,2
77.81608308703578,11,0,0,0,0,0,0.9226867517396116,0
99.13033876768405,3,0,0,0,0,0,0.8748290890721332,0
81.47246815735473,7,2,1,0,0,0,0.7240396238138511,2
91.7013800878585,6,0,0,0,0,0,1.0,0
80.26920699860736,8,0,0,0,0,0,0.9127584785274421,0
75.49182195868245,3,0,0,0,0,0,1.0,0
94.9333929598815,1,0,0,0,1,0,0.7792182195006012,2
81.44909651417524,9,0,0,0,0,0,0.9032505114025392,0
77.42648977653417,7,0,0,0,0,0,0.8289781664475816,0
77.91613257994175,7,0,0,1,0,0,0.9782370887018803,2
82.49834691097264,11,0,1,0,1,0,0.9153742543683746,2
88.46821348472116,10,2,0,0,0,0,0.8742827891872218,1
74.84080513176724,6,0,0,0,0,0,0.7875386240472508,0
84.95483453523177,12,0,0,0,0,0,0.8335887831882812,0
77.79635676350455,14,1,0,1,0,0,0.9361969505263965,2
83.1724645362127,13,0,1,0,0,0,0.849325687863452,2
96.83092669761595,2,0,1,0,0,0,0.693313179177943,2
66.56139556136051,2,0,0,0,0,0,0.9251385315816663,0
83.1314827515065,14,1,0,0,0,0,0.926252680933632,1
79.56902733677569,3,0,0,0,0,0,0.9572822345698315,0
88.01128675372244,0,1,1,0,0,0,0.8923614076865158,2
90.52147603102622,8,2,0,0,1,0,0.9601900526141586,2
67.59266264433192,2,1,0,0,0,1,0.7632718207511706,1
100.0,0,0,0,1,0,0,0.9379764106963151,2
87.45652430259877,1,0,0,0,0,0,0.8671476381206153,0
81.02447398607654,1,1,0,0,0,0,1.0,1
87.20595280895483,11,1,0,0,1,0,1.0,2
88.6926832429835,11,1,0,0,0,0,1.0,1
84.86256879011975,6,0,0,0,1,0,0.8912235932995587,2
92.1926518324307,5,0,0,0,1,0,1.0,2
72.57987220526373,0,0,1,0,0,0,1.0,2
72.27559498911097,6,0,0,0,1,0,0.8171938658375572,2
87.47682562880354,0,0,0,0,1,0,0.8149427973871743,2
86.13829825672346,6,0,0,0,0,0,1.0,0
82.23072402209505,6,0,1,1,0,1,0.918612748095803,2
95.04851590411039,6,0,0,0,0,1,0.8010270539768848,1
65.15032798828871,3,1,0,0,0,0,0.9700277288402123,1
88.53438041598159,3,2,0,0,0,0,0.7295539722472224,1
100.0,2,0,0,1,0,0,0.9299713014301499,2
89.68963041222001,0,0,0,0,0,0,0.9941877621685823,0
87.49395330872177,0,0,1,0,1,0,0.8754462142901489,2
96.63140839274574,3,3,0,1,1,0,0.859796362061457,2
73.36328443775732,5,0,0,0,1,0,1.0,2
87.1509132487678,1,2,0,0,0,0,0.7876260090425612,1
100.0,0,0,0,0,1,0,1.0,2
100.0,2,1,0,0,1,0,0.9531090459271825,2
88.13153285698166,2,0,0,1,0,0,0.7272753157242164,2
75.89588852181423,10,0,0,0,0,1,0.8870075732474758,1
84.25683119058952,3,2,0,1,0,0,0.9727190096975715,2
100.0,3,0,0,1,0,0,0.6951937507584021,2
94.9740570088203,8,2,0,1,0,0,0.9281946027295216,2
74.15614776517025,12,0,0,0,1,0,0.8560799809960626,2
98.25293811138592,7,0,0,1,0,0,1.0,2
87.51100786244614,5,0,0,0,1,0,1.0,2
70.01935180035913,11,0,0,0,0,0,0.9853803132449985,0
91.4700691678472,0,0,0,0,0,0,0.8206556534213238,0
88.14878322647495,5,0,0,0,1,0,1.0,2
99.16970830719346,11,0,0,0,0,1,0.8975670376533458,1
82.7536798873964,11,0,0,1,0,1,0.9766039101391361,2
72.2682203256135,7,0,1,0,0,0,0.7469764883673763,2
60.77035198408657,0,0,0,0,0,0,0.9309281652522484,0
92.3441145602707,5,0,0,0,1,1,0.9761564311325426,2
86.34705989388769,1,1,0,0,0,0,1.0,1
94.2905168591954,2,0,0,0,0,1,1.0,1
100.0,2,0,0,1,0,0,0.5975685611053838,2
89.30958702413554,14,0,0,0,0,0,1.0,0
100.0,9,0,0,0,0,0,0.9818499063864965,0
83.94195485708481,10,0,0,0,0,0,1.0,0
85.78455020485288,5,0,0,1,0,0,0.9485705124974477,2
100.0,16,0,0,0,0,1,1.0,1
87.82903115342138,8,1,0,0,0,0,0.8273262706600396,1
86.19106718742258,5,0,0,0,0,0,0.8241546691472428,0
100.0,6,0,0,0,0,0,0.9638696708419136,0
89.09560423948034,9,0,0,0,0,0,0.837268075293408,0
100.0,0,1,0,0,0,0,0.9847178259199443,1
100.0,13,3,0,0,0,0,0.7666979586973263,1
64.95760347153191,10,0,0,0,1,0,0.7590015611897059,2
95.14547473349342,0,0,0,0,0,0,1.0,0
81.92558960160953,12,0,0,0,0,0,1.0,0
72.35666138889496,0,0,0,0,1,0,1.0,2
95.14197085387482,0,2,0,0,1,1,1.0,2
70.14023800791317,3,0,0,0,0,0,1.0,0
77.58830519797264,2,0,0,0,0,0,0.9686453837744381,0
100.0,1,1,0,0,0,0,0.9247927806963583,1
73.12978775636012,8,0,1,0,1,0,0.6739075649772167,2
79.74307805837141,0,0,0,0,0,0,0.7405364352860526,0
86.31721968945094,0,0,1,0,1,0,1.0,2
70.07825895798085,3,0,0,0,0,0,1.0,0
65.05388437459598,0,0,0,0,0,0,0.8982255530882712,0
70.82807752748315,3,0,0,0,1,0,1.0,2
80.0272907043096,0,1,0,0,0,0,0.9184188370301115,1
69.75971329129953,9,1,0,0,0,0,0.7849075040677376,1
92.98268455592091,3,0,0,1,1,0,0.8405726925098937,2
91.3733549080134,4,0,0,0,0,0,0.8972351495580679,0
100.0,3,1,0,1,0,0,0.6617438485414805,2
90.23181087489696,1,0,0,0,1,0,0.8543985513581396,2
86.92397085948342,8,2,1,0,0,0,0.9968505902251006,2
88.4020211640297,8,0,0,1,0,0,0.8466376991096104,2
85.7538931765034,0,2,0,0,0,0,0.9768953263579611,1
90.70881418341514,15,0,0,0,1,0,0.8828220157513584,2
72.44090071667193,9,0,0,0,0,0,0.9760922189579767,0
78.07159030936047,5,1,0,0,0,0,0.8294677360580766,1
76.7718011320287,12,0,0,0,0,0,0.9642291032789878,0
67.97191347083701,0,0,0,0,0,0,0.8138084758810233,0
81.26458338390147,13,1,0,0,0,0,0.8622765797728295,1
88.94237299607013,9,0,0,0,0,0,1.0,0
95.0258863258235,0,1,1,0,0,1,1.0,2
96.21223090771116,6,1,1,0,1,0,1.0,2
92.68343821226505,9,1,1,0,0,1,0.6826581873821339,2
55.288500206593866,8,0,1,0,0,0,0.7476450544795805,2
75.45808598451482,4,0,0,0,0,1,0.9898719655493531,1
98.27283185088736,11,0,0,0,1,0,1.0,2
66.53481505393206,0,0,0,0,0,0,0.8492381618945261,0
87.3753732238589,7,0,0,0,1,0,0.8523870864541492,2
77.130126852117,4,1,0,0,0,0,0.9567081177587796,1
95.35607482590181,9,0,0,1,0,0,0.7250299000766177,2
79.05362499958198,8,0,0,1,0,0,0.799626509714345,2
83.94814660288938,4,3,0,0,0,0,1.0,1
77.162471776659,2,0,0,0,0,1,0.8629753821225277,1
100.0,4,0,1,1,0,0,1.0,2
76.86745486974895,13,0,0,0,0,0,0.8118306321285207,0
94.30711307861498,4,0,0,1,0,0,0.9634164725888112,2
91.89827049927955,5,2,0,0,0,1,0.9138431265120016,1
87.32724543259407,8,0,0,0,0,0,1.0,0
86.94448691817054,8,0,0,0,0,0,1.0,0
88.36913354021,0,0,0,0,0,0,0.8930114032111199,0
88.60547805579529,7,1,1,0,1,0,0.6442503648393705,2
82.95766431088552,11,0,0,0,1,0,0.633357784791125,2
95.04142910311037,4,1,0,0,0,0,1.0,1
82.41172074085273,0,2,0,0,0,0,0.5990534736821509,1
92.99121048580976,3,0,0,0,0,0,0.757664431629507,0
93.95071261102197,7,0,0,1,0,0,1.0,2
97.61610169987699,1,0,0,0,0,1,1.0,1
95.21678211386603,2,0,0,1,0,0,0.6842822344765294,2
75.64656898376946,9,1,0,1,0,0,0.8256141729451285,2
89.92163126284917,5,0,0,0,0,1,0.7410933229318809,1
84.9925496876352,0,0,0,0,0,0,0.46660092432681716,1
95.90517528969428,6,0,1,0,1,0,0.781009566569959,2
71.1487513167065,4,0,0,0,0,0,1.0,0
74.49072952218759,0,0,0,0,0,0,0.8908726740694481,0
75.44626048416714,0,0,1,1,1,0,0.924567516876833,2
100.0,4,0,0,0,0,0,1.0,0
74.16517973849285,6,0,0,0,0,0,1.0,0
77.00751742133295,5,0,1,0,0,0,0.8971164368136721,2
74.87147859188738,1,0,0,0,1,0,1.0,2
70.03324872059453,0,1,1,0,0,0,1.0,2
100.0,13,0,0,0,0,0,1.0,0
81.47169366915905,1,0,0,0,0,0,0.8268284453863259,0
78.50788024204337,0,0,0,0,0,0,0.8977267156921398,0
96.40257018453276,2,1,0,0,0,1,0.872710045881238,1
81.19961316380353,8,1,0,0,0,0,0.9459687618000423,1
83.64684327809769,10,0,1,0,1,0,1.0,2
72.28085972665517,5,2,0,0,0,0,0.8919898998909315,1
100.0,11,0,0,0,0,0,0.9266338507133447,0
69.42633538334276,3,0,1,0,0,0,0.7901828905587025,2
85.63066270567255,6,0,0,0,0,0,0.9644765358643195,0
97.88030129050073,3,1,1,0,0,0,0.7112726912863516,2
80.43414516158631,5,2,0,1,0,1,0.9307768605028435,2
80.24708452770008,5,0,1,0,0,0,0.8904356075924124,2
71.49434413564492,10,1,0,0,1,0,0.8615249278134595,2
95.6646163719166,3,0,0,0,0,1,0.9071658258827289,1
94.55660848764946,0,0,0,1,1,0,0.9939462878483258,2
69.61514297681884,8,1,1,0,1,0,1.0,2
92.76969757404903,1,0,0,0,0,0,0.6467066325601295,0
96.65814818967931,0,0,0,0,0,1,0.9326779389039245,1
90.67515930813873,3,0,0,0,0,1,0.5865831735109197,1
84.72553069055188,3,2,1,0,0,0,0.8381714619255601,2
85.92511579848953,8,1,1,0,0,0,1.0,2
86.94680931125077,0,0,0,0,1,0,0.7172391514603973,2
92.30466602200596,3,2,1,0,0,1,0.9283657665688365,2
99.24096065288441,6,1,0,0,1,0,1.0,2
95.21445145519372,9,0,0,0,0,0,1.0,0
90.24586522524322,8,0,0,1,0,0,0.9282464977017312,2
72.9897015225288,10,0,0,1,0,0,0.7015062635726637,2
94.99712983453338,0,1,0,0,0,0,0.8527962546240067,1
77.52676056581458,4,0,0,0,0,0,0.8915111849179765,0
83.2485951145231,11,2,0,0,1,0,0.9077237046245539,2
81.85923906416151,1,1,0,0,0,0,0.7558418367280277,1
75.56759366274085,3,3,1,0,0,0,0.8854542250106452,2
67.4267741590912,0,0,1,0,0,0,0.8540831751712694,2
79.13247461556846,1,1,0,0,0,0,0.7609430422797486,1
66.16189567001267,1,0,0,0,0,0,0.8852012732617387,0
70.93244779103289,13,0,0,0,1,0,0.7742241014338743,2
87.96170728574312,0,0,0,1,0,0,0.9884045254365762,2
87.08735608399401,0,2,0,0,0,0,0.82526267119141,1
85.18669173966873,0,0,1,0,0,1,1.0,2
85.70306500023639,3,0,0,0,0,0,0.8761861316651974,0
76.99959471090662,4,0,0,0,1,1,1.0,2
86.23026735727022,3,1,0,0,0,0,0.8282833856808989,1
85.43688338263364,1,0,0,1,0,0,1.0,2
71.26522744081892,4,0,0,0,0,0,0.9699848054103735,0
84.48312011049303,0,1,0,0,1,0,0.8917202382926264,2
70.97427303798682,3,0,0,0,0,0,0.6829974511991177,0
82.93760743820806,4,1,0,0,0,0,0.7570965721178471,1
87.1401162394028,11,1,0,0,1,0,1.0,2
88.30668833732102,10,0,0,0,0,0,0.8888789262848903,0
86.61690135840011,0,1,0,0,0,0,0.9931664369318058,1
78.46364925509768,0,0,1,0,1,0,0.8899811220538696,2
77.08894175688143,9,0,1,0,1,0,1.0,2
85.28932106885273,4,1,0,0,0,0,0.7872106271566194,1
89.12792348919974,1,0,0,0,0,0,0.8625482923112453,0
75.04616447809218,13,0,0,0,1,0,0.7937802035557628,2
90.949610634154,12,2,0,0,0,0,0.9094038204676846,1
96.49235482687584,2,0,0,0,0,0,0.9582789868183964,0
86.79721303521242,11,0,0,0,0,0,0.9574186326405503,0
78.5273402276921,0,0,0,0,1,0,0.8060252780071446,2
98.1345830582948,7,0,0,0,0,1,0.9705284619013896,1
62.144650389707905,8,0,0,0,0,0,0.479890629217812,1
86.46725425993068,2,0,0,1,0,0,1.0,2
81.68764914559469,0,0,0,0,0,0,1.0,0
70.64454409556727,8,0,0,0,0,0,0.9277099987253099,0
93.77446730084661,0,2,0,0,0,0,0.8145319367581811,1
94.22933092817969,0,0,1,0,1,0,0.8650900167105926,2
74.55806093418144,4,0,1,1,0,0,0.8402947628887999,2
89.73158253177752,9,0,0,0,0,0,0.7957284930609392,0
67.82141430574444,6,0,1,0,1,0,1.0,2
96.32522258753907,8,0,0,0,0,0,1.0,0
86.68502288845308,0,0,0,0,0,0,0.7958809571105829,0
64.60532166105341,0,0,1,0,1,1,1.0,2
89.06964292521349,0,0,0,0,0,0,1.0,0
88.64720693271914,0,1,0,1,1,0,1.0,2
82.69968295160446,2,0,0,0,0,0,0.7689292037584641,0
78.66412159328289,9,0,0,0,0,0,0.6574083290815242,0
96.52877581001698,2,0,0,0,0,0,0.6956287593926707,0
100.0,7,0,0,0,0,1,0.818719840651421,1
96.43134040141759,11,2,0,0,1,0,1.0,2
77.04080169263361,0,0,0,0,0,0,0.7320357111216377,0
74.19549122649767,4,0,0,0,0,0,1.0,0
79.01659221917288,5,0,0,0,0,0,1.0,0
76.70552737841837,6,0,1,0,0,0,0.7552269465744441,2
97.18183738941573,5,0,0,0,1,0,1.0,2
87.90692111865577,4,0,0,0,1,1,0.8695242464803263,2
80.12997434311549,5,0,0,0,1,0,0.8263298190428391,2
86.1989093465881,0,0,0,0,0,0,1.0,0
87.14837728695495,8,0,1,0,0,0,1.0,2
82.77282258726478,0,0,0,1,0,0,1.0,2
81.40276809736363,2,1,0,0,0,0,0.9821969443440143,1
100.0,7,2,0,0,0,0,1.0,1
90.01039145483635,5,3,0,0,0,0,0.9758755864560017,1
91.31424360221978,9,1,0,0,0,0,1.0,1
97.79885300671918,1,0,0,0,1,0,0.9881286334074092,2
65.3835343945399,3,1,0,0,0,1,0.9085997932733291,1
86.97617855756506,5,0,0,0,0,1,0.9418224194171003,1
79.75377472400402,0,0,0,0,0,0,0.8835886967025007,0
83.30425161873607,6,0,1,0,0,0,0.7094654686856109,2
86.62273555289465,2,1,0,0,0,0,0.9400835660276436,1
85.02859330724817,10,0,0,0,1,0,0.9528228133941852,2
81.26035467519574,5,3,0,0,0,1,0.9761303408585712,1
86.67786558397948,7,0,1,0,1,0,1.0,2
89.34351821705428,1,0,0,0,0,0,0.9827050575121687,0
69.03565462787007,0,0,0,0,0,0,0.7133955360786374,0
73.59980353590788,0,1,0,0,0,0,1.0,1
87.22222809734076,4,2,0,0,1,0,0.9017208704686873,2
95.33695298506669,9,0,0,0,0,0,0.985086473368826,0
81.88490123319266,12,2,0,0,1,0,0.7111604289150539,2
70.0198709281271,1,0,0,0,0,0,0.8364519109495197,0
85.64476792350415,5,1,0,0,0,1,1.0,1
100.0,12,1,0,0,0,0,0.8764633220770187,1
74.34963879604548,0,0,0,0,0,0,0.9775725837980639,0
79.30681641422468,7,2,1,0,0,0,1.0,2
92.86451033604084,8,1,1,0,0,1,0.9505156415745999,2
78.50865975894389,7,0,0,0,0,0,0.7667077431662532,0
87.59517654895882,8,1,1,0,0,0,0.8261176252102814,2
80.6517668538866,0,1,0,1,0,0,0.7029765519270581,2
75.65595069963527,15,0,1,0,0,0,0.9484159125540245,2
85.56607270284965,4,0,0,0,0,0,0.680125659418242,0
92.82185268843139,0,0,0,0,1,0,0.8651504614932544,2
63.17854929981989,4,0,0,0,1,0,0.8600460601114813,2
78.89024557365093,0,2,0,0,0,0,0.7770488578360425,1
82.69871263807538,7,0,0,0,1,0,0.9654538650524738,2
75.56798469760044,4,0,0,0,0,0,1.0,0
76.3626995439746,7,1,0,0,1,0,0.892958877147924,2
91.28164282859636,7,0,0,1,1,0,0.6036368349597763,2
91.76204958446806,8,1,0,0,0,0,0.8455515907407865,1
88.85864558916941,9,1,0,0,0,0,0.8741945922900732,1
97.54022948088797,2,0,0,1,0,0,1.0,2
100.0,0,0,0,0,0,0,1.0,0
67.32926092989368,8,2,0,0,0,1,0.8073111680394818,1
82.48051834370284,0,1,0,0,0,0,1.0,1
86.19287166347702,2,0,0,0,1,0,0.9507771241319333,2
81.0437387606962,21,1,0,0,0,0,0.8417596012570288,1
78.11491352006257,13,0,0,0,0,1,0.9914111347618288,1
71.69019819148777,4,0,0,0,0,1,1.0,1
100.0,5,0,0,0,0,0,0.6967730356206938,0
80.41349074528867,12,0,0,0,1,0,1.0,2
86.64775842051866,2,1,0,0,0,0,0.8752666442905478,1
80.39574956149607,1,0,1,0,0,1,0.9487974831027918,2
69.37922160850641,0,1,0,1,0,0,0.8856602748567327,2
86.27826695816965,9,0,0,0,0,0,0.7598340686007257,0
91.82810509218284,6,1,0,0,1,1,0.9167064087895023,2
95.33292682028099,4,0,0,0,0,0,0.683342311861308,0
76.79047394649427,7,0,0,0,0,0,0.8912262923093698,0
100.0,6,1,0,0,0,0,0.9559691114952904,1
68.59068339620615,0,0,0,0,0,0,0.9094099861950534,0
73.75750807438007,4,0,0,0,0,0,0.791679637583681,0
98.97286933910416,8,0,0,0,0,0,0.7130656534676121,0
86.91404044182006,4,0,0,1,1,0,0.5703059787995568,2
96.27307888591932,14,1,0,0,0,0,0.7813819677644869,1
80.0816702223736,8,0,0,1,1,0,0.7043095698895447,2
97.00225181646675,2,0,1,0,1,0,1.0,2
92.88443539609855,2,1,0,0,0,0,1.0,1
80.54610745794284,6,0,0,0,0,0,0.9808612935191752,0
66.31282534385018,9,3,1,0,0,0,0.9981716341077155,2
63.792946934061,10,2,0,0,0,0,0.9137252924558463,1
98.59352181822717,10,0,0,0,0,0,0.8334483280889455,0
94.0127789102385,2,0,0,0,0,0,1.0,0
73.09789404945252,7,0,0,0,0,1,0.8914987806085668,1
94.89258068109002,0,0,0,0,0,0,0.8536653730014255,0
63.26658172278598,0,1,0,0,0,0,0.993857039372181,1
86.4710144971264,0,0,0,0,0,1,0.8619623646323533,1
83.17211335454665,4,0,0,0,1,0,0.8774276159967836,2
84.03083550060758,0,0,0,0,0,1,0.9939680925525197,1
83.38436983787736,2,0,0,0,0,0,1.0,0
79.94749916084425,7,0,1,1,0,0,0.5845718830685582,2
87.10794084059194,0,0,0,0,0,0,1.0,0
94.06900510828149,8,1,0,0,0,1,0.6744358524319203,1
80.53672146393167,6,0,0,0,0,0,0.9258795595556568,0
78.14281819868174,0,0,0,1,0,0,1.0,2
81.86604735030448,5,0,0,0,0,0,0.9177222359814055,0
87.22655434592183,6,0,0,0,0,0,1.0,0
83.16886903451892,0,0,1,1,0,0,0.9282087958885609,2
96.41501268196279,3,0,0,0,0,0,0.9732407041954814,0
85.42382669071189,5,2,0,0,1,0,0.6829048744585534,2
83.254241353522,7,2,0,0,0,0,0.9986805946695855,1
72.25957942512257,10,0,0,0,1,1,0.9568846785335677,2
82.87945000724838,1,1,0,0,0,0,0.9933727271088024,1
84.82989206517681,0,1,0,0,0,0,1.0,1
94.11872829037792,0,0,0,0,1,0,0.7463750304157293,2
83.58431059522098,9,0,0,0,0,0,0.6746915172249057,0
90.47989045460025,0,0,0,0,0,0,1.0,0
95.94135170314578,13,0,0,1,1,0,0.9879049830277634,2
92.89728280484968,8,0,0,0,1,0,0.7081503394156702,2
100.0,5,0,0,0,1,1,0.8584921632749147,2
86.0430239640297,6,0,0,0,1,0,0.9448172399205677,2
82.51369031509819,12,0,0,0,0,0,0.8383047141399673,0
73.92924327740481,15,1,1,0,1,0,0.9962023343018699,2
84.04072496354061,5,0,0,0,0,1,0.9335658660814786,1
70.39731151660567,12,0,0,0,1,0,0.8044900559027192,2
68.18294003504482,8,1,0,0,0,0,0.7406002060164152,1
83.884066268069,4,0,0,0,1,0,1.0,2
70.02747744668241,2,0,0,0,0,0,0.9506030819716487,0
91.06761446010333,9,2,0,1,0,1,0.8812344812928227,2
87.32815103999496,5,3,0,1,0,0,0.8544488116506462,2
95.04976385699521,3,0,0,0,0,0,0.6195604946311393,0
86.04666685362938,1,0,0,0,0,1,0.7291016796541008,1
82.81613964694972,2,0,0,0,1,1,0.8016360847135053,2
99.72124972825554,0,0,0,0,0,0,0.743156119885855,0
98.85048191747121,11,0,0,0,0,0,0.9698241552907516,0
93.88947308818389,5,0,0,0,0,0,0.6303510407137153,0
78.68354354997864,0,0,0,0,0,0,1.0,0
89.50491041903209,0,0,0,0,1,0,1.0,2
59.33292439531132,9,0,0,0,0,0,0.9838971963802663,1
77.11685280110284,5,0,0,0,0,0,0.7543967607530191,0
82.48171335905799,0,0,1,0,0,1,0.8185460614865185,2
79.645009113598,7,0,0,0,0,0,0.8761254017257394,0
78.8977618247717,9,1,0,0,0,0,0.8778543454317025,1
96.92383732075162,0,1,0,0,1,0,0.960289451665783,2
65.91467984016802,3,0,0,1,0,0,0.8968263827025876,2
95.29484850108167,6,0,0,0,0,0,0.6805298994036633,0
80.22374458764013,10,2,0,1,0,0,0.732290299431632,2
98.10495631951292,4,3,0,1,0,0,0.7271073380450126,2
85.29502578574588,6,0,0,0,0,0,0.842663677323886,0
75.77809799265837,0,1,0,0,0,0,0.9144435025960221,1
80.87529700861373,11,3,0,0,0,0,0.7508238568682362,1
85.63659513993488,2,0,0,0,1,0,1.0,2
71.7573145088842,0,0,0,0,0,0,0.6867028017923674,0
70.98289808294443,0,0,0,0,0,0,1.0,0
82.30740712163457,14,0,1,0,1,0,1.0,2
94.10632314546949,8,0,0,0,0,0,0.5187966859204443,1
87.78906401282048,9,0,1,0,0,0,0.9881613955431887,2
94.8053978608671,15,2,0,0,0,1,0.9440745237474354,1
86.24468214959818,4,1,0,0,0,0,0.6460864391545436,1
80.02831200171067,4,0,0,0,0,0,0.9095773075726068,0
78.37836203541079,0,2,0,0,0,0,1.0,1
95.39858568873768,7,0,0,0,0,0,0.7334027197993593,0
83.36151656720067,3,0,0,1,0,0,1.0,2
89.54218358852954,0,0,0,1,0,0,0.9574045432533657,2
100.0,4,0,0,0,0,0,0.9742092130739377,0
83.94390945230009,17,0,0,0,1,1,1.0,2
85.73229795080536,9,0,0,1,0,0,0.7708040854943355,2
98.32875069027871,5,0,1,0,1,0,0.7407350531917815,2
81.84134023162392,10,1,0,0,0,0,1.0,1
84.67296313671051,0,0,0,0,0,0,1.0,0
91.3482823112672,2,0,1,1,0,0,1.0,2
97.79708126063281,4,3,1,0,0,0,0.9162474785178331,2
88.04926042135497,7,0,1,0,0,1,1.0,2
93.68454662022314,11,0,0,0,0,0,0.7298488745406974,0
81.85298320276242,1,0,0,0,0,0,0.8815501314624169,0
75.04778647016258,7,1,0,0,1,0,1.0,2
95.39015433305292,1,1,1,1,0,0,0.8286757257203199,2
88.07495556826943,7,0,1,1,0,1,0.5618880641062854,2
92.70977977549663,5,0,0,0,1,1,0.8235462303287125,2
63.05014682293388,11,1,0,0,1,0,0.6385324846640252,2
85.64433711032274,13,1,0,0,0,1,0.9841960506764154,1
72.76961351124372,5,2,0,0,1,0,0.698467371557498,2
59.570059653744494,7,0,0,0,0,1,1.0,1
82.53142109433976,7,0,0,0,0,0,1.0,0
91.29638841692312,4,0,1,0,0,0,1.0,2
73.68198361887958,0,2,0,0,1,0,0.7822843318658058,2
94.55959201946862,11,0,0,0,1,0,0.9912800217804871,2
82.23019991307335,0,0,0,0,0,0,0.9759830141281829,0
86.82057079191108,6,0,1,0,0,0,1.0,2
80.37839600408005,0,2,0,0,0,0,1.0,1
65.55492953608896,8,0,0,0,1,0,0.7385540627223731,2
80.12107922757409,2,1,0,0,0,0,0.8541150388935207,1
96.56206529894324,7,0,0,0,0,0,0.7888212121755406,0
100.0,6,2,0,0,0,0,1.0,1
86.74583289470725,0,0,0,1,0,0,1.0,2
77.9902418252834,3,1,0,0,0,0,0.8350649222041039,1
83.61387946605484,14,0,0,0,0,0,0.8583691512514111,0
94.30291706647947,9,1,0,0,0,0,0.9027102481851496,1
75.22499997642853,2,0,0,0,0,0,0.9771533447013794,0
80.33241316053187,0,0,1,0,0,0,0.7642743944028412,2
89.53312231724732,0,0,0,0,0,0,0.8744277345069841,0
92.2592255652247,0,1,1,0,0,0,0.9925145320580134,2
64.68935893113272,9,0,0,0,0,0,0.9569231028774111,0
92.0753040166115,15,1,0,0,0,0,0.944894661580648,1
72.60921721094545,8,0,0,0,0,0,0.8287799796973385,0
74.79306628605417,3,0,1,0,0,0,0.8274847970848878,2
84.96807020770903,4,0,0,0,0,0,1.0,0
91.43569162675354,5,1,0,0,0,0,0.8853202970003097,1
79.01748761240293,11,1,1,0,0,0,1.0,2
91.20390613655178,0,1,0,0,1,0,0.9195072505041267,2
77.93659460317647,7,1,1,0,0,0,0.8742827843646045,2
82.9050461954619,7,0,0,0,0,0,0.7942279579077867,0
85.86789608683212,1,2,0,0,1,0,0.8899085324081953,2
85.94763587919046,5,0,0,0,0,0,0.8658792888083094,0
76.40890349474412,0,0,0,0,0,0,0.7092469145731357,0
89.72013296978002,0,0,0,0,0,0,0.8669973271139244,0
82.40339892917112,10,0,0,0,0,1,0.9093299428078405,1
82.70756541871515,3,0,0,0,0,0,0.6787709859739123,0
71.5522029057601,0,1,1,0,0,0,0.632376959205538,2
89.43254078371477,4,3,0,0,0,0,0.6865734664837378,1
87.72579950049824,9,0,0,0,0,1,0.771268714054831,1
89.31528572938805,1,0,0,1,0,0,0.6356552628077501,2
72.81241050446832,3,0,1,0,0,0,0.7964976122676203,2
76.86204438641181,2,0,1,0,1,0,1.0,2
95.90739633179537,11,1,0,0,1,0,0.7552495102279029,2
86.6868722774948,7,0,0,0,0,1,0.8084466933563121,1
98.56105366124358,0,0,0,0,0,0,0.8207602484855183,0
78.71412864798603,8,0,0,0,0,0,0.647631518983037,0
88.53988374464055,0,0,0,0,0,0,1.0,0
81.11000134176425,3,0,0,0,0,0,0.8006774625818047,0
71.65186195391475,2,0,0,0,0,1,0.8341617923736319,1
80.04797418927448,11,0,0,1,0,0,0.9119170375005724,2
88.14227231476558,0,0,0,0,0,0,0.9229469814998076,0
83.45134905868123,9,0,0,0,0,0,1.0,0
79.77126706709228,7,0,0,0,0,0,1.0,0
90.19102650740628,7,2,0,0,0,0,0.9074214972570407,1
90.11244061565468,5,1,1,1,0,0,1.0,2
89.56984284401412,0,1,0,0,1,0,0.7555295007791261,2
95.64829508293616,5,1,0,0,0,0,0.8330872748110999,1
88.81001614779382,7,0,1,0,1,0,0.7712562507220047,2
94.97225438161377,3,0,0,0,1,0,0.9816039658804411,2
87.75542163956523,1,0,0,0,0,0,0.835499837892238,0
89.6579157832837,8,0,0,1,0,0,1.0,2
62.52137436520983,9,0,1,0,1,0,0.768395027025431,2
70.56000614875381,6,0,0,0,0,0,0.8114137062258344,0
82.9085236462968,3,0,0,0,0,0,0.8317420566301843,0
99.0646416277626,0,2,1,0,1,1,0.9872010234690849,2
69.72307200584072,11,0,0,0,0,1,0.5519915992658257,1
79.77350190975052,5,0,0,0,1,0,0.9513934869101264,2
79.05391568764712,7,0,1,0,0,0,0.8776199381241406,2
87.1365328006875,5,0,0,0,0,0,0.989143290289545,0
74.95021305132342,7,1,0,1,0,0,1.0,2
88.5330612980529,0,0,0,0,0,0,0.6221724424306567,0
95.10008036239493,7,0,0,0,0,0,0.9718232880042433,0
85.98917509118044,4,0,0,0,1,1,0.9765810938856675,2
73.92437592655587,0,2,0,0,1,0,0.9971838778770441,2
92.30010217568943,2,0,1,0,0,0,1.0,2
82.67754488259774,4,0,0,0,0,0,0.9505326052965906,0
71.80155792358178,6,0,0,0,0,0,0.9145513246828665,0
81.47657049835772,4,0,0,0,0,1,0.7569647075510854,1
76.93330395373692,8,0,0,0,0,0,0.8014954292837863,0
86.65977611658687,11,1,1,0,0,0,0.9995115058526366,2
84.10157379688066,5,1,0,0,1,0,1.0,2
71.04255200957319,6,0,0,0,0,0,0.5465485540602553,1
89.44194585851471,0,0,1,0,0,0,0.9989591339921017,2
76.12945157915846,10,0,0,0,0,0,0.8720246866307287,0
84.73627731613456,9,0,0,0,1,0,0.9337107263841967,2
83.97442048127935,14,0,0,0,0,1,0.9837106306233563,1
97.80594287104554,0,0,0,0,0,1,1.0,1
100.0,9,2,0,0,0,0,0.9188136704794628,1
100.0,4,0,0,0,0,0,1.0,0
82.32185110863358,0,0,0,0,1,0,0.8140344875764741,2
92.30365815769866,5,0,0,0,0,0,1.0,0
81.1901679415491,0,0,0,0,0,0,0.840833663120853,0
77.18337321397433,7,0,0,0,0,0,0.8422085519759838,0
79.15639946053795,11,1,1,0,0,0,1.0,2
94.22867067924994,11,0,0,0,0,0,1.0,0
75.37801782734489,0,0,1,0,0,1,1.0,2
87.12555061659486,5,0,1,0,0,0,1.0,2
90.7210028264876,1,0,0,0,0,0,0.5795293863432369,1
92.0102458573609,14,0,1,1,0,1,0.9144452528931806,2
92.27713698049129,0,0,0,0,1,0,0.8274723354263128,2
76.20945244321047,4,0,0,1,0,0,0.8773540894303096,2
87.91818108819456,15,1,1,0,0,0,1.0,2
74.66204447413367,4,1,0,0,1,1,0.9937535693780725,2
84.42630082335702,5,0,0,1,0,0,0.8720667910852564,2
82.97176158637821,4,0,0,0,0,0,0.7482583117102939,0
67.47332992892879,4,0,0,0,0,0,1.0,0
93.49445124473823,7,0,1,0,0,1,1.0,2
78.12557736726171,7,0,0,0,0,0,0.9075469118211721,0
72.8034058766724,2,0,0,0,0,0,0.946056500858023,0
93.27480257687215,8,0,0,0,1,0,1.0,2
75.94190193164536,5,0,0,0,0,1,0.954791544891671,1
85.91279683483991,9,0,0,0,0,0,1.0,0
86.16192202200187,0,2,0,0,0,0,0.8098763178633124,1
87.6148593630295,0,0,0,0,0,1,0.9695093255279313,1
85.53212336414651,0,0,0,0,0,0,0.8856234133849201,0
82.20258992655522,0,0,0,0,1,0,0.7869056780508591,2
85.40925320393099,2,0,1,0,0,0,0.8075238082951964,2
66.00165430154134,2,1,0,0,0,0,0.6103425138556977,1
64.6535248869256,0,1,1,0,0,1,0.8054120756959725,2
83.11234671557173,5,0,0,0,0,1,0.9383068461213424,1
96.27763571816631,4,1,0,0,1,0,1.0,2
89.35002812215536,5,0,0,0,0,0,1.0,0
100.0,9,0,0,0,1,0,0.8341663272736177,2
95.98528459264368,0,0,0,0,0,0,1.0,0
84.64342191124729,0,0,1,0,0,0,0.6353834226565376,2
85.7589288840271,4,1,0,0,0,0,0.7398271137980837,1
93.71084131284802,0,0,0,0,0,0,0.8154282266287503,0
75.72908202080829,11,1,0,1,1,0,0.7291633413486549,2
87.06067554945139,7,2,0,0,0,0,0.7882191324306198,1
79.96178072676608,4,2,1,0,1,0,0.786058665369866,2
70.10520215712512,9,0,0,1,1,0,0.537621340477797,2
98.21070085697275,10,0,0,0,0,0,0.9185085069041209,0
89.94653212120639,9,0,0,1,1,0,0.7329819372284331,2
89.38604216234968,5,0,0,0,0,0,0.732135949715112,0
86.4493528707924,7,1,1,0,0,0,0.6582809482341307,2
100.0,12,0,0,0,0,0,0.8658815944333552,0
88.0271175585943,1,1,1,0,0,1,0.9480577354435012,2
93.50993504268959,5,0,1,0,1,0,1.0,2
93.613720831032,9,1,0,0,0,1,1.0,1
79.48868323510057,7,0,0,0,0,0,0.9082380081600842,0
91.68439086968866,7,0,0,0,1,0,0.8025549554606587,2
100.0,1,0,0,0,0,0,0.9602000198287601,0
79.96598562000523,0,0,0,1,0,1,0.7319039330622454,2
82.58851095325183,11,1,0,0,0,0,0.8817888415898597,1
95.95071948923317,1,1,0,0,0,0,0.9018155952393749,1
78.6911478401434,14,1,0,0,0,1,0.8015633345309306,1
81.2643744547004,0,0,0,0,0,1,0.919839237631685,1
73.84398613259975,5,0,0,0,0,0,0.8188428886776575,0
86.52424843349038,9,1,0,0,0,0,0.9924901102721093,1
70.5925067574197,3,1,0,0,1,0,0.7775316694531761,2
90.4930324663245,3,0,1,0,0,1,0.6204055344097923,2
88.24035633755496,1,0,0,0,0,0,0.9094504820195689,0
89.46300090874036,5,2,0,0,0,0,1.0,1
83.13339181102191,0,0,0,0,0,0,1.0,0
73.00078037904973,3,0,0,0,1,0,0.6912705624520158,2
81.60560235167806,0,0,0,0,0,0,0.8397860646032058,0
74.79762365940061,8,0,1,0,0,0,0.7524980386179074,2
91.94166378274615,8,0,0,0,0,0,0.9090031910121142,0
83.83889862023563,6,0,0,0,0,1,1.0,1
70.70111660760797,9,0,0,1,0,0,1.0,2
88.66822916216474,0,0,0,1,0,0,0.7821699950935155,2
87.41447593176754,4,0,0,1,0,0,0.8168069302881735,2
66.57962772148824,0,0,0,0,0,0,0.7786123630762033,0
80.25421279653494,0,0,0,0,1,0,0.7362442747356255,2
100.0,2,0,0,1,0,1,0.7811846494947443,2
83.85597738572011,0,0,0,0,0,1,1.0,1
91.46538391080323,5,0,0,0,1,0,0.7077992120563112,2
94.06107391660979,0,0,0,0,0,0,1.0,0
78.86242603385745,0,0,0,0,0,0,0.7245737392215209,0
93.04971067313414,3,0,0,0,0,0,1.0,0
93.3710736357163,16,0,0,0,0,1,0.9723038945259321,1
74.23800234177118,4,3,1,0,0,0,1.0,2
81.62317482255962,11,0,1,0,0,0,0.9565109133437203,2
83.12906607811804,2,0,0,0,0,0,0.9091507942591772,0
87.91785400187538,3,0,1,0,0,0,0.7608685817093408,2
68.97567354697925,11,0,0,0,0,0,0.959172398226292,0
74.1272885524195,12,0,0,0,0,0,0.9918000397353152,0
74.29555889548024,0,1,0,1,1,0,1.0,2
96.93326072243433,5,0,1,0,1,0,0.7800090211497241,2
72.322702991387,5,0,0,0,1,0,0.9413965472165183,2
63.23739135679596,2,0,0,0,0,0,0.5975334414324636,1
62.70768932212052,8,1,0,0,0,1,0.9239137169162879,1
92.09314150594975,2,0,1,1,0,0,1.0,2
92.20589610955044,0,0,0,0,0,0,0.8710607512029863,0
82.39563674779899,3,0,0,0,0,1,0.9426792359073489,1
75.48424856000354,0,0,1,0,0,0,0.8032117573296409,2
85.30248549358896,2,1,0,0,0,0,1.0,1
87.15864036048372,2,0,0,1,0,1,0.7871576039205477,2
96.94280583159504,0,0,0,0,0,0,1.0,0
93.27382531536439,2,2,1,0,0,0,0.9440413001696963,2
91.88202553040145,0,0,0,0,1,0,0.9297634747004099,2
86.10091639623884,1,2,0,1,0,1,0.6160389376214075,2
82.2685936536872,4,0,0,0,0,0,0.8096790072725688,0
87.04119297142404,2,1,0,0,1,0,1.0,2
77.2956077680937,6,0,1,1,0,0,1.0,2
98.4907163405071,4,0,0,0,1,0,0.685688066641721,2
100.0,8,0,1,0,1,0,0.7470203149832105,2
84.49324120476717,1,1,0,0,0,0,0.9143801917093813,1
89.28005253302102,4,0,0,0,1,0,0.8574524128417986,2
89.37276262804916,9,0,0,0,0,0,1.0,0
96.14545807829869,6,1,0,0,0,1,0.9535322233547846,1
85.98402292065427,8,0,0,0,1,0,0.676898680173519,2
88.52043821990938,1,0,0,0,0,0,0.8347337973428933,0
87.0815359887923,10,0,0,0,1,1,0.8117708253182628,2
84.86214922199778,13,0,0,0,0,0,1.0,0
100.0,6,0,0,0,0,1,1.0,1
78.34308935275506,0,1,0,0,1,0,0.736864023799505,2
91.41547501491661,5,0,1,1,0,0,0.8049673053184704,2
78.4699581771097,0,0,0,0,1,0,0.791491172369142,2
100.0,2,3,0,1,1,0,0.7754115126250188,2
81.33592764611295,0,0,1,1,0,0,0.9856461906665375,2
71.63409493012058,4,1,0,0,0,0,0.8983074442875227,1
87.19839630450099,6,0,0,1,0,0,0.9670875592422503,2
91.92161567447477,0,1,1,0,0,0,0.8662777769573841,2
75.88048636046533,9,0,0,0,0,0,1.0,0
97.22293722902779,5,0,1,0,1,0,0.7495790280646336,2
82.69578654187954,3,1,0,1,0,0,1.0,2
85.84740860455133,0,0,0,0,0,0,1.0,0
91.27319389460477,11,0,0,1,0,0,1.0,2
85.61404791799738,6,0,0,0,1,0,0.882636467861752,2
94.57645060826947,11,0,0,0,0,0,0.8354975207812523,0
91.17662665987802,0,0,0,0,1,0,0.8557501747946241,2
91.92456821971459,5,0,0,1,0,0,1.0,2
77.97948071418924,3,0,0,0,0,0,0.8135511160403774,0
96.03157136615802,5,1,0,0,0,0,1.0,1
82.03420071866877,5,2,0,0,0,0,1.0,1
87.13715338302259,0,0,0,0,0,0,0.6984756633439845,0
95.81757948660089,4,0,0,1,0,1,0.9027282977546595,2
86.56985240250953,6,0,0,0,1,0,0.9348188394580766,2
95.31210771013723,8,1,0,0,1,0,0.5853051299479308,2
70.03560430724848,8,2,0,0,1,0,0.8920427996976279,2
100.0,19,1,1,0,0,0,0.7879276906696108,2
73.57043204137497,9,1,0,0,0,0,0.901243883280471,1
71.24345743029488,5,2,1,0,0,0,0.7767218581841927,2
72.58704500301408,9,0,0,0,0,0,0.9473300953461968,0
88.78285838250136,8,1,0,0,0,0,1.0,1
84.46036232675188,6,0,0,1,0,0,0.8598151865521309,2
88.34675712316088,4,0,0,0,0,0,1.0,0
99.12076436796042,7,1,0,0,0,1,0.8607091399002421,1
91.3488738655525,1,0,0,0,0,0,0.9494524070209136,0
91.8023368648131,1,3,0,0,0,0,0.8230926839960224,1
58.17391658200093,8,0,0,1,0,0,0.6784250550325781,2
96.71200326130759,8,1,0,0,0,0,0.9731668175624887,1
88.75456416809548,0,2,0,0,0,0,0.7980225780223955,1
70.5926055614517,10,1,1,0,0,0,0.9030861600640543,2
100.0,8,0,0,1,0,0,0.6662181990013704,2
75.11364337990517,0,0,0,1,0,0,0.7427513847584879,2
100.0,0,0,1,0,0,0,0.9899420910267621,2
90.63233439346081,7,0,0,0,1,0,1.0,2
91.87040111318632,4,0,0,0,0,0,0.9193742921130812,0
100.0,8,0,0,0,0,0,0.7523371161751181,0
81.29239876033012,10,1,0,0,0,0,0.6363679174385208,1
88.3447574225359,1,0,0,0,1,0,0.8535031717117635,2
94.25109866214385,13,1,0,0,1,0,0.7777594265185155,2
89.46614125226446,14,0,1,1,0,0,0.7717553346362956,2
75.43491420076228,0,1,1,0,0,0,1.0,2
97.15438852998595,4,1,0,0,0,0,0.5619553495679046,1
100.0,6,1,0,0,0,0,0.7592957904793054,1
67.99965281249042,12,0,0,1,0,0,0.9706418017708678,2
80.31944435327775,3,1,0,0,0,1,0.8741684792875327,1
76.41718066198278,0,1,0,1,0,0,0.8522999174509295,2
70.12732655151493,1,2,0,0,1,0,1.0,2
92.45282355901628,7,0,0,0,0,0,0.7962344737631063,0
83.567497394198,6,2,0,0,0,0,0.7830578981707557,1
81.45668941768989,0,0,0,0,1,0,0.8096193647143562,2
95.64064153321502,1,1,0,0,1,1,0.8643159886429138,2
91.74529436858379,11,0,0,0,0,0,0.8698901103515547,0
79.66025251546111,7,0,0,0,0,0,0.7848636362026976,0
84.41814890449113,15,0,0,0,0,0,0.7557551296898419,0
99.43110134000732,14,0,0,1,0,1,0.8633191574292708,2
67.47623503060296,0,0,0,0,0,0,0.8396899650120155,0
86.65249501818879,10,0,0,0,0,0,0.8838477339372209,0
91.63845828214046,8,0,0,0,0,0,1.0,0
85.66448353119385,6,0,1,0,0,0,0.9734787647478779,2
85.32600478341236,6,0,0,0,0,1,1.0,1
67.29518357212848,0,3,1,0,1,0,0.8375246059939702,2
80.65760319152497,10,0,0,1,0,0,0.9339495372167474,2
95.91355336698346,3,2,1,0,0,0,0.9583181227768066,2
98.93287374870256,10,0,0,1,1,0,0.7123892545822715,2
99.3295308621764,8,0,0,0,1,0,0.9785492541375622,2
85.47208734516258,5,0,0,0,0,1,0.6634680495390819,1
96.94014071316958,4,0,0,0,0,0,0.9625486312471796,0
93.92758423190149,0,1,0,1,1,0,1.0,2
83.3458072554204,10,1,0,0,0,1,1.0,1
84.99496310229145,8,1,0,0,0,0,0.8780674266723842,1
71.12517332163665,0,0,0,0,1,0,0.8985319066481128,2
82.1931341062226,6,2,0,0,1,0,0.8051449516892241,2
77.64733517070522,0,0,0,1,0,1,1.0,2
90.08841375321644,3,2,0,0,0,0,1.0,1
94.54085035225611,0,1,0,0,0,0,0.8394204926424765,1
100.0,4,0,0,0,0,0,1.0,0
91.90269827987449,0,2,0,0,1,0,0.9064060049854512,2
88.26437435240636,10,0,0,0,0,1,1.0,1
87.44212452670138,3,0,1,1,0,1,0.6863278650335025,2
100.0,6,2,0,1,0,0,0.6561373711580092,2
73.82695771329178,7,0,1,1,0,0,1.0,2
95.25612416830866,6,0,0,1,0,0,0.9608902978665426,2
76.1126254736202,5,1,1,0,0,0,1.0,2
100.0,0,0,1,1,1,0,0.845755073300979,2
100.0,16,1,0,1,0,0,0.7931283584345253,2
93.75399900988647,0,0,0,0,1,0,0.9641742500618788,2
92.34249108279651,7,1,1,0,0,1,0.7338674008805502,2
83.68016935882935,12,0,0,0,0,0,0.9679693200220446,0
98.89464318079285,4,0,1,0,0,0,0.8064242942587299,2
86.07908309589835,7,1,0,0,0,1,0.854403473798858,1
100.0,5,0,0,0,0,1,0.8200210157520031,1
93.4752019845525,0,0,0,0,0,0,1.0,0
74.19314939455386,4,2,0,0,0,0,0.924286649140262,1
88.37605150560438,4,3,0,1,1,1,0.9763237151389369,2
71.98955630530304,7,0,0,0,0,0,1.0,0
91.77305699919924,8,0,0,1,1,1,1.0,2
83.9287295149388,0,1,0,0,1,0,0.6491448317952335,2
86.08854745148815,1,0,0,0,0,0,0.7475201193904404,0
89.84918776697765,13,0,0,0,0,0,0.7791594892743915,0
88.37850220895506,10,2,0,0,1,0,1.0,2
76.42528508495292,5,0,1,0,0,0,0.9504589195122298,2
95.67588386459568,7,0,0,0,0,1,1.0,1
84.95175086064047,0,1,0,0,0,0,0.7645057655107295,1
86.29936007202991,0,0,0,0,0,0,0.774259743505058,0
72.99101205213789,10,0,1,1,0,1,0.8988318704344616,2
80.10205775303643,13,0,0,0,0,1,0.6987817574832689,1
83.67014804754494,11,1,0,0,0,1,1.0,1
84.93708085310011,0,0,0,0,0,1,0.868724120535255,1
95.59549925473812,6,1,1,0,0,0,0.8036424008968087,2
77.81649769141022,0,2,0,0,0,0,0.7386919302410861,1
76.75375150859703,4,2,0,0,0,1,1.0,1
84.310220130806,6,0,0,0,1,1,0.9486117568465018,2
87.35054598612643,5,0,0,0,1,0,0.9933988493671706,2
89.47783125332018,6,0,0,0,1,1,0.8615912387113919,2
70.84784381044935,7,0,1,0,0,0,0.8672310536833816,2
81.97024957659188,8,0,0,0,0,0,0.9704541857323846,0
80.71793332663428,0,0,0,0,0,0,0.8523252468504914,0
91.18771292576551,2,0,0,1,0,0,1.0,2
84.26449147529004,6,1,0,0,0,0,0.9617869066962568,1
97.71282195167744,7,2,0,0,1,0,1.0,2
86.0865306753145,2,0,1,0,1,0,0.812300833036588,2
79.64945966588077,1,0,0,0,0,0,0.894400634986384,0
98.01190590171942,3,1,0,0,0,0,0.6865057907856017,1
92.67669821157357,16,0,0,0,0,0,0.8243063241631383,0
79.01999711047152,5,0,0,0,0,1,0.8406079330245197,1
82.82983416631166,5,0,1,1,1,0,0.8095521809236967,2
88.99745454724864,0,0,0,1,0,0,0.8707610815293669,2
95.88039125465107,1,1,0,0,0,0,0.7972238840670579,1
80.35524780463481,7,0,0,0,0,0,0.7398242746025305,0
93.9059016210272,8,1,0,0,0,1,0.8364816814822503,1
96.0466829859806,5,1,0,0,0,0,0.8000710903066716,1
72.60178765850398,2,0,0,0,0,0,0.9003227502100766,0
91.59775748641282,4,0,0,0,0,0,1.0,0
91.36822942084964,4,2,0,0,0,0,0.9745388941683223,1
100.0,2,0,0,0,0,0,1.0,0
94.7949582910385,0,1,0,0,0,1,0.9433103810095262,1
100.0,2,0,0,0,0,0,0.8697425864573116,0
73.39545447276575,7,0,1,0,1,0,0.860211855043926,2
95.1766282685931,0,0,0,0,0,0,1.0,0
77.63043613416103,7,0,1,0,0,0,1.0,2
69.55956413716865,5,0,1,1,0,0,0.93619177281683,2
76.61857192844278,4,0,0,0,0,0,0.6970540906180189,0
92.08585973967466,0,0,1,0,0,1,0.8532088623526296,2
83.63231399470334,0,0,0,0,0,0,1.0,0
91.70914807335208,5,0,0,1,0,0,0.850190124703442,2
89.88551614934653,10,1,0,0,0,0,0.8874909916508865,1
78.4044616685462,2,1,1,0,0,0,0.8427145797732432,2
87.45034668907874,1,0,0,0,0,1,0.868276695491134,1
89.8101286720947,2,0,0,0,0,0,1.0,0
85.11781318340867,11,1,1,0,0,0,1.0,2
88.30893142717665,0,0,0,0,0,0,0.6355103053270099,0
82.5402741263553,9,0,0,0,0,1,1.0,1
61.05936588927054,4,0,0,0,0,0,1.0,0
84.72550657185415,10,0,0,0,1,0,1.0,2
68.66262981113013,0,0,1,0,0,0,1.0,2
88.58525993165527,3,1,0,0,1,0,0.7214236309079687,2
87.19023231603174,8,0,0,0,0,0,0.673602283614842,0
77.06740321923336,7,0,0,0,1,0,0.6166841932208023,2
90.00371573891263,8,0,1,0,1,0,0.8400094043142995,2
71.85599515059661,8,0,0,0,0,0,0.9381360962966164,0
76.82151907247304,0,0,1,0,0,1,0.7785980989781691,2
69.18229650797306,5,0,0,1,1,0,0.6919940829102609,2
79.15268660684586,20,0,0,0,0,1,0.9641991042251563,1
95.49822311889041,1,0,0,0,0,0,0.9554487766736369,0
90.49089332531486,8,1,0,1,1,1,0.8542483505255962,2
97.12621316640083,5,0,1,0,0,0,0.7871047963380425,2
83.0663834650231,3,0,0,0,1,0,0.8669694544339654,2
100.0,2,0,1,0,0,0,0.608594085499265,2
73.18982775742654,4,2,0,0,0,0,1.0,1
95.00279806968737,2,0,0,1,0,0,0.6642082815400957,2
100.0,0,0,1,1,0,1,1.0,2
80.52156251757003,5,1,1,0,0,0,0.9313742629766668,2
88.24454723854977,2,0,0,1,0,0,1.0,2
75.88174268328177,4,2,0,1,0,0,1.0,2
83.27699553006049,10,1,0,0,0,0,0.9198754095044842,1
78.80340646171186,0,0,0,0,0,0,0.9704748400574092,0
80.78681840921267,3,0,0,0,0,0,1.0,0
82.54363292949148,0,0,1,0,0,0,0.9586060890669754,2
84.50424221922371,7,0,0,0,0,0,0.9803789396837773,0
86.92925771251184,2,0,0,0,0,0,0.86379565985285,0
78.71072786808988,6,1,1,0,0,0,0.801098879272818,2
78.66884519949278,0,0,0,0,0,0,0.8787892581290256,0
88.34373856052468,7,0,0,0,0,0,0.9040186553181935,0
81.66967581222414,4,1,1,0,0,0,0.978421985096173,2
81.49242293794968,0,0,0,0,0,1,0.9088829443334864,1
69.81690897655271,13,1,1,0,0,0,0.9532632125240409,2
82.60370284280509,5,3,1,0,0,0,0.8149610978541431,2
69.55401653087533,6,0,0,0,0,0,0.8375230739930218,0
83.08093902317688,5,0,0,0,0,0,0.8507038289067389,0
77.58784952697464,7,0,0,0,0,0,0.7593896317414861,0
100.0,0,2,0,0,0,1,0.930250983866101,1
90.1168293413318,0,0,0,0,1,0,0.8518042363041058,2
87.90890689063417,5,2,0,0,0,1,0.7605168759987897,1
95.51186106347208,0,0,0,0,0,0,0.9925151027491951,0
75.19754873921843,8,0,0,0,0,0,0.9473775426380713,0
99.39370104626013,6,0,0,0,0,0,1.0,0
91.96796357494631,0,1,0,0,0,0,0.9321719398740349,1
80.62022249985516,0,1,0,1,0,0,0.6721828363670532,2
75.20481262585082,11,0,0,0,0,0,0.6797473590003194,0
93.81369955489735,6,0,1,0,0,1,0.827005716292707,2
93.29574823915969,8,0,0,0,1,0,0.7369326109669466,2
73.79045735808486,9,0,0,0,0,0,0.8833207337569656,0
95.47803493730979,0,3,0,0,0,1,1.0,1
90.01748521530763,3,1,0,0,0,0,0.8212688450990502,1
73.98986738290772,14,0,1,0,0,0,0.7464378382768617,2
61.68530178613679,4,1,1,0,0,0,0.8734318743906541,2
99.64385402603726,0,0,0,0,0,0,0.8703425950477095,0
72.56078539920442,4,0,0,0,1,0,1.0,2
86.8952859912472,6,0,0,0,0,1,0.7036189405558555,1
94.80678531595535,4,1,0,0,0,0,1.0,1
87.47425166694289,11,0,0,0,0,0,0.8312671236531941,0
81.07193047436151,17,0,0,0,0,1,0.7985142745869535,1
94.55400095323303,8,0,0,1,0,0,0.6239040368757434,2
75.79228242439571,3,1,0,1,0,0,1.0,2
89.93994543150107,14,0,0,0,0,0,0.7621506164698589,0
83.3517174350975,2,1,0,0,0,1,0.9250056768971036,1
66.80805923799738,0,1,0,0,1,0,0.9963277100198191,2
72.09597653178743,8,1,0,1,0,0,0.8951890414221253,2
82.4557600079578,6,0,0,0,0,0,0.7576705033976828,0
90.36746156505201,2,1,0,1,1,0,0.6392775868392201,2
97.05972023431929,6,0,0,0,1,0,0.7885014359461553,2
79.92298762941513,4,0,0,0,0,0,0.8932432039736063,0
85.18738623120339,0,0,0,0,0,0,0.7946884052686531,0
88.55874948823661,3,1,0,0,0,0,0.8395610306935425,1
70.71475157774142,0,0,0,1,0,0,0.8459557159899921,2
84.79079274681168,7,0,1,0,0,0,0.8396713444990123,2
90.93708570422177,7,0,0,0,0,0,0.9114489050541141,0
100.0,3,0,1,1,0,0,0.8557716220566736,2
100.0,9,0,0,0,0,0,1.0,0
93.8045088148439,5,0,0,1,0,1,0.809393077088906,2
83.25514193630531,10,1,0,0,0,0,0.6283450242580716,1
80.79187879015981,6,0,0,0,0,0,0.6922753157907149,0
81.08001793298585,12,1,0,0,1,0,0.9585248830341607,2
100.0,10,0,0,0,0,0,1.0,0
74.18025430989394,0,0,0,0,1,0,0.7335545458365416,2
92.17650225584468,0,2,1,0,1,0,1.0,2
93.19481693444035,18,0,0,1,1,0,0.929052753855893,2
78.58551487561799,0,1,0,0,0,0,0.9243707007644112,1
79.13084950349693,9,0,0,0,0,0,0.8982929880031314,0
79.24080864690967,7,0,0,0,0,0,0.7967878220372691,0
89.62919832825719,0,0,0,0,0,0,1.0,0
65.87777357864559,3,0,0,1,1,0,0.7000317267761205,2
86.90643104438817,5,1,0,1,1,0,1.0,2
78.84319024963285,18,0,0,0,1,0,0.6931820710249487,2
100.0,5,2,0,0,0,0,0.8212936646461703,1
100.0,7,0,0,0,0,0,0.9642302841812076,0
82.04958873604777,6,1,1,0,0,1,1.0,2
71.43014723669219,2,0,0,0,0,0,1.0,0
73.21688062923582,3,0,0,0,0,0,1.0,0
70.74270246534307,10,0,1,0,0,0,0.6504569583847577,2
86.81245311636114,0,0,0,0,0,0,0.7754865392855801,0
76.28127577602093,2,0,0,0,0,0,1.0,0
92.44737372189428,0,2,0,1,0,0,0.5912079567201963,2
78.70436603411137,0,2,0,1,0,0,0.7078185044244965,2
98.44317169990138,6,0,1,0,0,0,0.9850497283606863,2
74.10424281942994,0,0,0,1,0,0,0.8633794992344777,2
94.60493158989878,14,1,0,0,1,0,1.0,2
100.0,5,1,0,0,1,0,1.0,2
80.55419809457341,6,0,0,0,1,0,1.0,2
73.02204860996571,6,1,0,0,1,0,0.787618058452859,2
72.56886524524765,0,0,0,0,0,1,0.7414271847392608,1
68.11445463370603,10,0,0,0,0,0,0.924469701686067,0
79.51914695348304,0,1,0,0,0,0,0.8691566404214215,1
77.85121575897219,3,0,1,0,0,0,0.9832183249589788,2
68.6871183965957,15,0,0,0,0,0,0.7908645497829139,0
78.47204703912675,6,0,0,0,0,0,0.8009555295717169,0
75.47414550957873,0,0,0,0,0,0,0.6192813889305606,0
81.49036977949417,4,0,1,0,0,0,0.9545009914513536,2
86.98288602822578,4,0,0,0,1,0,1.0,2
94.10439899795695,13,0,0,0,0,0,0.6171561342519147,0
90.16040277762241,9,1,0,0,0,0,0.8080213210468217,1
84.52355244832825,14,0,0,0,1,0,0.6541612645539614,2
81.28852944939298,4,0,1,0,0,0,0.7124016295939153,2
100.0,0,1,0,0,1,1,0.959064565971422,2
65.52006181415558,0,0,1,0,0,0,0.9274956209421436,2
82.49243661997095,7,0,0,0,0,0,0.7311900447554562,0
84.63153171703581,3,2,0,0,0,0,0.9663592804919791,1
100.0,12,0,1,0,1,0,0.9699345618689733,2
92.39571599088644,5,0,0,0,0,0,1.0,0
76.6246841252611,4,0,0,0,0,1,0.8957442365878653,1
80.3230724170983,7,0,0,0,0,0,0.9099797493983042,0
81.50551166615828,7,2,0,0,1,0,0.9214349724932155,2
85.112562567997,9,2,0,0,1,0,0.733348946913573,2
87.5277543503066,5,1,1,0,0,0,0.8688391058155306,2
98.2728341138612,10,0,0,1,1,0,0.8553803257533643,2
79.82677319812413,0,2,0,0,0,0,0.6337905673462869,1
88.59724744373375,3,2,1,0,1,0,1.0,2
93.82238992362255,4,1,0,0,0,1,1.0,1
81.8929124996054,0,0,0,0,0,1,0.9564105069059864,1
82.27265882312042,0,0,1,0,0,0,0.9286341442781393,2
81.76616214792426,8,0,0,0,0,0,0.8598306316808494,0
84.16978520039575,13,0,1,0,0,0,1.0,2
76.57737366142752,3,0,1,0,1,0,0.6434640834817222,2
87.75278265024525,12,0,0,0,0,0,0.6845058609284812,0
87.13076605144411,7,0,0,0,0,0,1.0,0
86.37129663486851,1,2,0,0,1,0,0.9840179938513111,2
77.0653905961945,4,2,1,0,0,0,0.9677780774360107,2
99.63832801031663,0,0,0,1,0,0,0.8897567029423408,2
100.0,1,0,0,0,1,0,1.0,2
83.15045479553861,5,0,1,0,0,0,0.8632435311364003,2
87.32683755553641,5,1,0,1,1,0,0.7626344000390847,2
74.57569684254585,0,0,0,1,0,0,0.7411977459100977,2
100.0,6,1,0,0,0,0,0.9411946441097787,1
77.74686940375213,12,0,0,1,0,0,0.9072878340284813,2
82.14895174685007,7,0,0,0,0,1,0.6495583319501641,1
60.79619347807022,0,0,1,0,0,0,1.0,2
80.1130238356744,0,0,1,0,1,0,0.8017137120424735,2
83.42836348704613,4,0,0,0,0,0,0.8645101174537376,0
84.59378644045212,6,0,0,0,0,0,0.8161056510096552,0
77.62124875836545,6,0,0,0,0,0,0.8428762337002214,0
75.00972823067256,7,0,0,0,0,0,1.0,0
93.37177132570974,5,0,0,1,0,0,0.7415493574971793,2
70.27316764544534,0,0,0,1,0,0,0.9348580365908754,2
78.37234136317102,22,1,1,1,1,0,0.9735931310374637,2
100.0,7,0,0,1,0,1,1.0,2
83.99307460768247,7,0,0,0,0,0,0.9028917190562213,0
85.85769767860253,1,0,0,0,0,0,0.926948226375707,0
91.25400685492092,11,0,1,0,1,0,1.0,2
72.38605974661864,8,1,0,0,0,0,0.8401990597843252,1
89.11590633871538,8,1,0,0,0,0,0.7932397999083094,1
78.67959484984696,9,0,0,1,0,0,0.889432293873376,2
93.1224262435807,1,0,0,0,0,0,0.8705673334966343,0
78.49778402975076,0,0,0,0,0,0,0.7476924675779566,0
83.91431249289484,8,2,0,0,0,0,0.9992456208240863,1
63.68190602944917,5,0,0,0,0,0,0.9051800545879861,0
98.65232752571681,0,0,0,0,1,1,0.9882662510260165,2
74.79449068525774,6,0,0,0,0,0,0.8414138972215389,0
84.22510776051546,5,0,1,0,0,0,0.6622596556692659,2
86.85560070506695,0,1,1,0,0,0,0.7354116799549943,2
100.0,0,0,0,0,1,0,0.964260146403367,2
74.85744481307965,3,0,0,0,0,0,0.8757305984599025,0
97.83518400447635,7,0,0,1,0,0,0.9193479348976642,2
91.87838120163092,2,0,0,0,0,0,0.7414477132378107,0
68.15888211081335,0,0,0,0,1,0,1.0,2
81.41150658015339,1,0,1,0,0,0,0.5789891510044758,2
80.14818721681155,16,0,0,0,0,0,0.5774892012461404,1
84.82147213805204,13,0,0,1,0,1,0.936498849912092,2
88.19277657874126,0,0,1,0,0,0,1.0,2
81.59024782691996,6,1,0,0,0,0,1.0,1
100.0,8,2,0,0,0,0,0.973198661835388,1
88.38734696633504,9,0,1,0,0,0,1.0,2
100.0,5,0,0,0,0,0,0.5526420029197738,1
78.18803328933438,4,1,0,0,1,0,1.0,2
80.57213040417807,20,0,1,1,1,1,0.5583099844853971,2
82.70566469604428,13,0,0,0,0,0,1.0,0
91.5953546034953,9,0,1,0,0,1,0.9241660565907772,2
76.2749040635874,1,0,0,0,0,0,1.0,0
100.0,7,0,0,0,0,0,0.9061952630065085,0
80.95384948885822,2,1,0,0,1,0,0.8794376746364398,2
85.56429511316371,0,0,0,0,0,0,0.7705380895435124,0
84.68713630629584,7,0,1,1,0,0,1.0,2
79.75788063158927,5,0,0,0,0,0,1.0,0
83.46968180014525,0,0,0,0,0,0,0.6020274336797963,0
83.70224842030848,7,0,1,0,1,1,0.946347484468868,2
94.16520001601877,12,0,0,0,0,0,0.94005068726392,0
100.0,13,1,0,0,0,1,0.6574599701681466,1
84.20252999445279,7,0,0,0,0,1,1.0,1
98.46968519527843,6,0,0,0,0,0,0.9891494684167791,0
85.76491898155896,0,0,1,0,1,0,0.8236752428386586,2
90.5298057486358,7,0,0,0,1,0,0.7011085433681042,2
83.83896255053365,11,0,0,0,0,0,1.0,0
80.67933801134929,19,0,0,0,0,0,0.9298511779551603,0
88.52706617674444,5,1,0,1,0,0,0.9931041688138011,2
100.0,14,0,0,0,0,0,0.9441352077528811,0
95.43613269711255,2,0,0,0,0,0,1.0,0
96.86345577461553,0,0,1,0,0,0,0.950405400843674,2
88.12288315583005,15,0,0,0,0,0,0.8092513580308207,0
93.66872543993328,0,0,0,0,0,0,0.6595602178804549,0
91.69461503298572,15,2,0,0,0,0,1.0,1
91.50565108191965,0,0,0,0,0,0,0.9213795905187918,0
77.27050126657329,3,0,0,0,1,0,1.0,2
94.48729488157564,4,2,0,0,0,0,0.7264747890707449,1
92.62449283700394,1,1,1,0,0,1,0.994799735445231,2
82.29118347344773,5,1,0,0,0,0,0.808357042899932,1
100.0,7,0,1,0,1,0,0.7666640457938768,2
81.02870506713431,9,0,1,1,0,0,0.8462311019630534,2
91.9500044416266,7,0,0,0,0,0,0.8414648206192454,0
84.54476427043612,4,0,0,0,0,0,1.0,0
87.69253652894217,8,1,0,0,0,0,0.7145628464580127,1
78.02895133386204,1,0,0,1,0,0,0.876563781659133,2
96.13432728089147,14,0,1,0,0,1,0.6486842214297341,2
86.67063794242762,8,0,0,0,0,0,0.8886556958034577,0
84.5987615678706,0,2,0,0,0,0,0.7188850059175034,1
76.9804589918063,14,0,0,0,1,0,0.9684983555622737,2
78.1644339082625,7,0,0,0,0,0,1.0,0
98.03573362631236,18,0,1,0,0,0,0.9560090273570659,2
84.27492368618054,5,0,0,0,0,0,0.8309824414398019,0
86.66412122060692,3,0,0,0,0,0,0.9851568393234524,0
88.19895057890987,10,1,0,1,0,0,1.0,2
100.0,0,0,0,0,0,0,1.0,0
97.15539964710243,6,0,0,0,0,0,0.8187680733588039,0
69.41638976868029,5,0,0,0,1,0,0.934258998125827,2
81.81202227468376,9,0,0,1,0,0,0.9761799441717766,2
59.43935497219256,6,0,1,0,1,0,0.7597912804442101,2
98.90596099048426,2,0,0,0,1,0,0.9060595486936206,2
92.48738600520856,5,0,0,0,0,0,0.9414901308669692,0
91.62962535384318,0,0,0,0,0,1,1.0,1
76.15365419183026,3,0,0,1,0,0,0.798776749173439,2
93.29305264111026,4,0,1,0,1,0,1.0,2
84.73825842636687,6,0,0,0,0,0,1.0,0
95.30255270550353,13,1,1,0,0,1,0.8599829593678379,2
62.995893218968604,5,0,1,0,0,0,0.8341182508364434,2
89.41747709220988,4,0,1,0,0,0,0.7793151571229471,2
93.26423088472636,0,0,0,0,0,0,0.8491666116449037,0
100.0,14,2,1,0,0,0,0.6858067160352554,2
84.5642882211426,0,1,0,0,0,0,0.6087925075363336,1
97.35481331958147,0,1,0,0,1,0,0.8630401307697827,2
91.90725636550503,7,0,0,0,0,0,0.9774683880929338,0
82.08960748468813,0,0,0,0,0,0,0.8256765174855949,0
80.50758241263847,10,0,1,0,0,0,0.8983512627099876,2
72.233692295965,16,0,0,0,0,0,0.7430763492911268,0
83.188166365337,6,1,0,0,0,0,0.8673404428248844,1
87.81204421031934,1,0,1,0,0,0,1.0,2
89.00382730344835,16,0,0,0,0,0,0.8115857332110032,0
92.07648390513381,1,0,0,0,0,0,0.9919638008992058,0
72.95264444143105,0,1,0,0,0,0,1.0,1
69.29318831846037,11,1,0,1,0,0,0.9357911562623933,2
87.11067618703257,0,0,0,0,1,0,0.7251638805288962,2
85.36414695171845,0,0,1,1,0,0,0.7604592282286915,2
79.15386078186931,7,1,0,0,0,0,1.0,1
76.28842375703273,8,0,0,0,0,0,1.0,0
94.3467363155369,14,1,0,0,0,0,0.8068387775637835,1
76.62806456798745,0,1,0,0,0,0,0.9005215454341231,1
86.00832328482545,1,1,0,0,0,0,1.0,1
80.12612117396354,4,0,0,0,1,0,0.9183423764102538,2
69.1198873138878,3,0,0,0,0,0,0.7824658336995489,0
72.51832927916807,7,0,0,0,0,0,0.9964041154214386,0
90.30895105295248,5,0,0,0,0,0,1.0,0
88.97273884411044,0,1,0,0,1,1,0.9171522977196552,2
73.73318645502938,9,1,0,0,1,0,0.9288695059088785,2
91.44529169511074,1,0,0,0,0,0,1.0,0
83.22868345146605,4,0,1,0,1,0,1.0,2
75.06079433327902,0,2,1,0,1,0,1.0,2
89.46163538512903,2,0,1,0,1,0,0.9021249873652121,2
84.05667162405224,0,1,0,1,0,0,0.9331789004222532,2
95.07576837620279,5,1,0,1,0,0,0.6816984483370441,2
84.44722443086467,6,1,0,0,0,0,0.5699768988919455,1
100.0,3,0,0,0,0,0,1.0,0
81.44148675811039,1,0,1,0,0,0,1.0,2
82.53214969461452,0,1,0,0,0,0,1.0,1
72.1181748166302,0,0,0,1,0,0,0.953407356373805,2
82.53252420607511,13,1,0,1,1,0,0.8915825375686061,2
90.73960437892136,10,0,1,0,0,0,1.0,2
73.79182574864859,9,0,0,0,0,0,0.6664093415348961,0
72.30900808050649,1,0,0,1,0,0,0.6414520358898924,2
87.63996638557467,2,1,0,0,1,0,0.6894447545647648,2
75.2718489096975,18,0,0,0,0,0,0.8079189545685598,0
77.52185220102136,8,0,0,1,0,0,0.8691411555908997,2
86.44371462794588,7,0,1,0,1,0,1.0,2
80.90155589019938,4,0,0,0,0,1,1.0,1
78.71040203305486,6,0,0,1,0,0,1.0,2
67.79866906695598,0,0,0,0,0,0,1.0,0
82.01349317279161,0,0,0,0,0,0,0.9546555563494913,0
87.93982217136592,1,2,0,0,0,0,0.7117292162053316,1
89.41587393959026,6,0,0,1,0,0,0.8440905972717858,2
84.2411548777714,2,0,0,0,0,1,1.0,1
92.38687692557005,5,0,0,0,0,0,0.9029307300382454,0
82.23004403147232,2,1,0,1,0,0,0.7794638462609815,2
97.17999617781118,16,0,0,1,0,1,1.0,2
91.31797898864988,5,0,0,0,0,0,0.7159502700662674,0
80.82056781149531,0,1,1,0,1,0,0.7525902021254782,2
86.86127778744435,11,0,0,0,0,0,0.841830948850302,0
83.2746719259759,11,0,0,0,1,0,0.5432244095190428,2
94.83587486958358,12,0,0,0,0,0,0.6547951269178236,0
82.3532167496699,6,1,0,1,0,0,0.7009642072637575,2
77.67499787889986,0,0,0,0,0,0,0.9636738216880221,0
97.63457419430334,3,1,0,0,0,0,1.0,1
77.08343742732782,1,1,1,0,1,0,0.7843728460472091,2
84.28473524718251,3,0,0,0,0,1,0.9208274014952654,1
99.60781725309292,5,0,0,0,0,0,0.849755223508405,0
85.93737740429215,3,0,0,0,0,0,0.7407665024954857,0
100.0,6,0,0,0,0,0,0.85018352961416,0
83.70633563758673,12,0,0,0,1,0,0.8465979638096746,2
91.50748780171146,1,0,1,1,0,0,0.7664188830697611,2
95.9775394225783,4,0,1,0,0,0,0.9861434622511239,2
100.0,2,0,0,0,0,0,0.7856675112654177,0
78.7284099676721,10,0,1,0,0,0,0.6005577580610066,2
92.19322020309801,1,0,0,0,1,1,0.7335175977575212,2
70.91392608286044,1,0,0,1,0,1,0.9077010945954148,2
87.71301043234263,0,0,0,1,0,0,1.0,2
78.48223126614545,0,1,0,1,1,0,1.0,2
81.3694565856365,11,1,0,0,0,0,0.9948151964033128,1
98.34449817668009,3,1,1,0,1,0,0.8560380453815548,2
100.0,7,0,0,0,0,1,0.8005690293396313,1
93.94307395349307,0,1,0,0,0,0,0.7642166426566745,1
90.56574561723758,0,2,1,1,0,1,1.0,2
80.1629337827063,8,0,0,0,0,0,0.8430655610041743,0
84.60269635171261,8,0,1,0,0,0,0.7427806612418806,2
75.58273115939603,9,0,0,0,0,1,0.9399712907172851,1
80.58249445368911,7,0,0,0,0,0,1.0,0
92.66338650701515,4,0,0,1,0,0,1.0,2
92.00919000311042,3,0,1,0,1,0,1.0,2
94.49992483588963,2,0,1,0,1,1,0.8395711149554566,2
74.98693590641156,4,1,0,0,0,0,1.0,1
70.03817952388869,8,1,0,1,0,0,1.0,2
78.89014746855595,2,1,0,0,1,0,0.9363440656927239,2
81.74487666617632,1,1,1,0,1,0,0.7109856429831068,2
75.66204841223488,0,0,0,0,1,0,0.7051506946288284,2
87.60543859865905,2,0,0,0,0,0,0.9327918774786133,0
85.45857207821086,5,0,0,0,1,0,0.6655648603791768,2
93.83486715740645,6,0,0,1,0,1,0.8643563469744185,2
69.9500630779791,0,2,0,0,0,0,0.9818311517327617,1
72.71981145836136,3,0,0,0,0,0,0.9046978398268378,0
100.0,4,0,0,0,1,0,0.8340741051560951,2
77.47290456406577,0,0,0,0,0,0,0.9254605895543653,0
76.51414838007247,11,0,0,0,0,1,0.9110906102855425,1
85.94508674322856,0,1,0,0,0,1,0.8733369567282191,1
70.93155814818276,5,0,1,0,0,0,1.0,2
86.74890425002633,3,0,0,0,0,0,0.732875929044743,0
95.52111988513522,1,1,0,0,0,1,0.5538951233175065,1
90.54263504605443,5,0,1,0,0,0,0.9815330399996673,2
86.95101290937087,9,1,1,0,0,0,0.9439844615356602,2
89.52716950282485,10,0,0,0,0,1,0.6814159572424124,1
87.5498410531656,3,2,0,1,0,0,0.9430672540186107,2
99.73256428528879,0,0,0,0,0,0,0.7383273521978821,0
77.63203855749843,6,0,0,0,0,0,0.7849848813593028,0
76.5538446945634,1,1,0,0,0,0,0.7303269373249388,1
75.1557481085239,4,0,0,0,1,0,0.8202246177453784,2
81.37565400431231,0,0,0,1,0,0,0.9099927227247341,2
80.11843333325203,8,0,0,0,0,0,0.7955772409016184,0
72.20520483379231,7,1,0,0,0,0,0.917311009683449,1
100.0,0,1,1,0,0,0,1.0,2
76.89628426424271,2,0,1,0,0,0,1.0,2
94.93655821668573,5,1,0,0,0,0,0.904452887145347,1
80.42119139118245,1,1,1,0,0,1,0.5983000243799201,2
89.05450182322052,0,1,0,0,1,0,0.8833999636113287,2
78.0115072608083,12,1,0,0,1,0,0.9570151115771608,2
90.23969284386499,0,2,0,0,0,1,0.9522750808450295,1
66.11306629514733,1,0,0,0,0,0,1.0,0
70.44064893128736,5,0,0,0,0,0,0.9187753385719157,0
100.0,2,0,0,0,0,0,0.810215193486906,0
82.81264668986789,16,0,0,0,1,0,0.7906457587512218,2
81.90667266584343,3,0,0,1,0,0,0.598471295574968,2
92.54275816261824,3,0,1,0,0,0,1.0,2
99.82822965790334,5,0,0,0,0,0,1.0,0
100.0,4,0,0,0,0,0,1.0,0
83.90362652943111,0,0,1,0,0,1,0.8592698292468344,2
68.79910468628361,11,3,0,0,0,0,0.9472918971026911,1
95.1958200872695,6,0,0,0,0,0,0.9364365388919286,0
76.92226686134389,5,0,0,0,0,0,0.6795666535485084,0
99.01860990804022,5,0,0,0,1,0,1.0,2
86.8171126409846,4,0,0,0,0,0,1.0,0
86.17254316570356,5,0,0,0,0,0,1.0,0
95.62267158840811,0,0,1,0,0,1,0.7991683972550037,2
73.11131233024182,5,0,0,0,0,0,0.833330163122853,0
68.1357436502457,4,3,0,0,1,0,1.0,2
83.90248283082299,0,0,0,0,0,0,0.63903814462083,0
79.10717449295781,3,0,0,0,0,1,1.0,1
77.796234117929,14,2,0,0,0,0,0.7619969148799935,1
89.41076284660821,3,0,0,1,0,0,1.0,2
87.67489978099184,1,2,0,0,0,1,0.8495865877401371,1
71.03938521540923,10,0,0,1,0,0,1.0,2
71.91783668870414,4,0,0,1,0,0,0.7918485683485985,2
66.20658198306035,9,0,0,0,0,1,0.9863217660227104,1
78.07447903671594,3,0,1,0,0,0,0.9407294408290505,2
82.2330060159283,10,2,0,1,0,1,0.9113109154302664,2
93.66382138498926,3,0,0,0,0,0,0.5641520838004948,1
93.8496420331047,4,1,0,0,0,0,0.992677960555365,1
78.64581879383637,2,1,0,0,1,1,1.0,2
83.98877168251279,9,0,0,0,1,0,1.0,2
66.14472907965585,0,0,0,0,0,0,0.8280380373744859,0
100.0,9,0,1,0,1,1,0.9124084935844393,2
92.43653534309945,8,0,0,0,0,0,0.7272658671878667,0
90.23273504772482,7,0,0,0,0,0,0.9395376821712724,0
86.84580289492033,0,0,0,0,0,0,0.8419956940337165,0
75.12988315282865,3,0,0,0,0,1,0.9712935075640255,1
100.0,5,2,0,1,0,0,0.9886227833314503,2
90.23318996838273,3,0,0,0,0,0,0.9597785413084953,0
79.9824804162683,8,0,1,0,0,0,0.9109189200735396,2
91.91034062736927,0,0,1,0,0,0,1.0,2
83.12043710968565,7,0,0,0,0,0,0.8141433444534775,0
96.84661484574647,4,0,0,0,0,1,0.9513482548381423,1
76.93840345920421,0,2,0,1,0,0,1.0,2
89.47287275999332,1,0,0,0,0,0,0.9806144610133577,0
100.0,0,0,1,0,0,0,0.8765565638609868,2
99.095069996852,14,0,0,0,0,0,0.87470980982709,0
80.45997755286439,10,0,0,0,0,0,0.8506806467217799,0
72.65028612479112,5,1,0,1,0,0,0.9232580619153121,2
83.66704590149034,5,0,0,0,0,0,0.8847477787920424,0
83.51748534255262,1,1,0,0,0,1,0.976636059254813,1
90.36744231516518,5,0,0,0,0,0,0.9167121076970947,0
65.32456755211109,1,0,0,0,0,0,1.0,0
96.78866364253673,13,0,0,1,0,0,0.7918333419818528,2
74.48456487678575,8,1,0,1,1,0,0.8862140112815752,2
84.93053921992936,2,2,0,0,1,0,0.9908272424383389,2
76.4317400889458,11,0,0,0,0,0,0.9931278055394913,0
76.87664456025936,3,1,0,0,0,0,1.0,1
81.14672604072003,5,0,0,0,0,0,0.7247676988174439,0
82.79207829384056,17,2,1,0,0,1,1.0,2
90.57871609286299,2,1,0,0,0,1,1.0,1
96.50043375323271,12,0,0,0,0,0,0.8645896228018587,0
70.12010408634464,7,0,0,1,0,0,0.9237030683436216,2
77.03108853339904,2,2,0,0,1,0,0.9026378802269892,2
97.09039678096995,10,0,0,0,0,0,0.8532526266922345,0
94.08765326450772,7,0,0,0,1,0,0.8659034083619135,2
100.0,7,0,1,0,0,0,0.886549817995006,2
87.47252387960552,4,0,0,0,0,1,0.5968162166532975,1
88.63075147883966,3,0,0,0,0,0,0.8745891415025204,0
100.0,3,0,0,1,0,0,0.5506617395597657,2
85.40946572505253,0,0,0,1,0,0,0.8377405718455689,2
77.5642423653721,6,0,0,0,0,0,0.8881909954222363,0
88.67017982703035,6,1,0,0,0,0,1.0,1
79.67671890439941,0,0,0,0,0,0,0.5973856474762653,1
88.55952066193232,12,2,0,0,0,0,0.6983592623164661,1
68.9737598454815,6,2,0,0,1,0,0.8126875877479337,2
92.33949481803212,15,0,0,0,0,0,0.9678820565537143,0
83.18941502584686,10,0,0,1,1,1,0.8097585812421514,2
79.17129339583164,12,1,1,0,1,0,1.0,2
91.6337089601738,15,0,0,0,0,0,1.0,0
90.93729767531909,4,0,0,0,0,0,0.8251461597822144,0
84.00145032137338,0,0,1,0,1,0,0.8052545498222227,2
82.6711209505087,3,2,0,0,1,1,0.8401312200259389,2
98.53937740277573,1,0,0,0,0,0,0.8777660582637059,0
78.43296240435795,8,0,1,0,0,0,0.9156798971417623,2
95.4068483017656,8,1,0,1,1,1,0.5950835479708435,2
71.6200041707566,5,0,0,0,1,0,0.805346301361952,2
82.55453702543248,2,2,0,0,0,0,0.5885325192270989,1
94.42525199990773,0,0,0,0,1,1,1.0,2
93.54961967306758,0,0,0,0,1,0,0.7818658134353217,2
95.10616274035831,10,0,0,0,0,0,0.9472803395971231,0
77.40255547168505,4,0,0,0,0,1,1.0,1
73.49043118057631,7,0,0,0,0,0,0.8321076660133212,0
92.30287029260121,0,0,0,0,0,0,0.9758436780106938,0
95.19578817667951,3,0,0,0,0,0,1.0,0
98.05783725420869,6,0,0,0,0,0,0.7801306136495347,0
77.5768635794051,4,0,1,0,1,1,0.9538119074821555,2
86.94826610686287,10,0,1,0,0,0,1.0,2
97.60669341995998,1,0,1,0,0,1,0.8729281179814923,2
79.70501335069147,10,1,0,0,0,0,0.8341516857084904,1
100.0,0,0,0,1,0,0,0.731035600310938,2
74.8419078627759,1,0,0,0,0,0,0.9260318160950203,0
100.0,3,2,0,0,0,0,0.7884972467516325,1
95.48183422917704,7,1,0,1,0,0,0.8326514409723984,2
89.4269130642027,3,3,0,0,0,0,0.9049295346761502,1
94.5289409259359,12,1,0,0,1,1,0.7962802127308993,2
75.22270537837896,0,1,0,0,0,0,0.991076376880706,1
78.25682325198238,14,0,1,0,0,0,0.9429840157399786,2
87.51004508660138,9,0,0,0,0,0,1.0,0
77.35428139581087,2,0,0,0,0,0,0.9197247152473701,0
81.47126121564261,9,0,0,0,0,0,0.7892680482705217,0
76.88544410320932,1,1,0,0,0,0,1.0,1
80.7314456253211,4,0,0,1,0,0,0.8025781367000632,2
97.07647179704537,0,0,1,0,0,0,1.0,2
83.20400411875508,5,1,0,0,0,0,0.7518952522374522,1
91.1530554147052,3,0,0,0,1,0,1.0,2
84.06984709964487,1,0,0,0,0,0,0.8735727943916096,0
77.47532635446471,3,2,0,0,0,0,0.8582370147461554,1
83.90759811647303,12,0,0,0,0,0,0.773912334704209,0
67.9402328317249,5,1,0,0,0,0,0.9733940975332813,1
82.201649056594,7,0,0,0,0,0,0.9671261558763888,0
96.4598459682252,16,1,0,1,1,0,0.8569659220595526,2
82.85170066834613,7,0,0,1,0,0,0.9976829564073596,2
78.92853904421845,5,0,0,0,1,0,0.998220287252737,2
76.46378917681947,7,1,0,0,0,0,0.9339256394572402,1
81.19431358127731,2,0,1,0,0,0,0.8587993974302592,2
77.37293090319858,17,0,0,0,0,0,1.0,0
84.20627790345478,0,0,0,0,0,0,0.5894386958144255,1
73.46450247195767,11,1,0,0,1,0,1.0,2
77.9892270228553,0,0,0,0,0,1,0.9450184249506682,1
87.87409532869265,2,0,0,1,1,0,0.9881611805367815,2
95.91523788284393,9,0,0,0,0,0,0.7943511800946301,0
95.40379276850294,10,0,0,0,0,0,1.0,0
89.56073970179165,3,0,1,0,1,0,0.9761194278353991,2
95.63008407944025,6,0,0,1,0,1,0.9721478117626612,2
63.623323451133324,6,1,0,0,0,1,1.0,1
83.85332543131467,5,0,0,0,0,1,0.9624108710076151,1
73.89529177003143,10,0,0,0,0,0,0.8445565323941775,0
80.30392226040831,6,0,0,0,1,0,1.0,2
89.1247087102571,9,0,0,0,0,0,0.9171627381341231,0
74.89604294193377,6,0,0,1,0,0,1.0,2
100.0,8,0,0,0,0,0,0.7521051928020147,0
70.70716727359283,5,1,0,0,0,0,1.0,1
85.81043913531214,0,0,0,1,0,0,1.0,2
74.10609043640893,13,0,0,0,0,0,0.8715679666885254,0
76.80692542307123,0,0,0,1,0,1,0.9532547020563935,2
88.77242222037705,4,0,0,0,1,0,1.0,2
98.30039379504852,0,1,0,0,0,0,0.7942240139002347,1
96.26138736250131,11,0,0,0,0,0,0.816941858250601,0
68.95959020980455,0,2,0,0,0,0,1.0,1
93.33362865114036,3,0,0,0,0,0,0.7443084756507663,0
95.30123011405793,8,0,0,0,0,1,1.0,1
78.66039270777264,0,1,0,0,0,0,0.6797124700937596,1
94.09349468223832,2,0,0,0,1,1,0.8835164960356998,2
71.90034047559767,8,0,0,0,0,0,1.0,0
66.31208236577174,6,0,0,0,0,0,1.0,0
90.48259297540248,8,1,0,0,0,1,1.0,1
89.63101591799519,7,1,0,1,0,0,0.9425355715545571,2
83.72119405153855,3,0,0,0,0,1,0.664447791417804,1
95.89266319187495,10,1,0,0,1,0,1.0,2
75.5913419123784,11,0,0,1,0,0,0.7215047704668703,2
86.30275390706778,10,0,1,0,1,0,0.9803326347209161,2
85.01429850815643,3,0,1,0,1,0,1.0,2
87.37536844377273,5,1,0,0,0,0,0.945443840035063,1
72.62267212052657,1,0,0,0,1,0,0.9374534409893934,2
81.1191729455638,0,2,0,0,1,0,0.9338891059543913,2
100.0,0,0,0,0,0,1,0.8810502146862679,1
79.37894305570249,7,1,0,0,0,0,0.793178346288119,1
78.88102874560731,10,1,0,0,1,0,0.9923912689424096,2
74.41755729775026,9,2,0,0,0,0,0.7680087708427814,1
80.61636908156856,0,0,1,0,0,0,0.6167146900555922,2
88.41482825447092,4,0,0,0,0,0,0.8228988462040013,0
86.03936261560736,0,0,0,0,0,0,0.735241031672099,0
100.0,12,0,0,0,0,0,1.0,0
99.32093229411431,8,0,1,0,1,0,0.9385818595314157,2
75.94206597194147,9,0,0,1,0,0,1.0,2
76.3953735785336,1,0,1,0,0,1,0.923272919001821,2
68.77141220158059,5,2,0,0,0,0,0.9266705454681291,1
80.3031960043645,0,1,0,0,0,0,0.8653388305455489,1
84.84487188317954,8,0,1,0,1,0,0.6817147617344106,2
74.59905586199929,6,0,0,0,0,0,0.8574184511592909,0
82.36405493061027,7,1,0,0,0,0,1.0,1
87.8534663773583,0,1,0,1,0,0,0.7469391223354566,2
81.50755813750153,3,2,0,0,0,0,1.0,1
79.39613928660744,2,0,0,0,0,0,0.9175493739106436,0
84.91608274358651,10,2,0,0,0,0,0.7510196343772815,1
67.14077054946291,7,3,1,0,1,0,0.9440047343456116,2
80.64527582768929,9,0,0,0,0,0,0.7456408780047774,0
66.79171380584674,2,3,0,0,0,0,0.8553355300126242,1
91.92374890573257,1,1,1,1,0,0,1.0,2
88.23043337261085,0,0,0,0,0,0,0.770083076127615,0
87.364932962787,8,0,0,0,0,0,0.8062601544858113,0
81.25062553310937,4,2,0,1,0,0,0.9451863199681119,2
78.51240234414662,4,0,0,0,0,0,0.7128677990271723,0
60.07838744097688,0,3,0,1,0,0,0.7729110658513948,2
93.20430027888986,7,0,1,0,0,0,1.0,2
100.0,0,0,0,0,0,0,0.8680835281943307,0
90.17823643209114,12,0,0,1,0,0,0.5763830143622747,2
94.44583219172256,9,0,0,0,0,0,0.9869739438211949,0
86.59335523856171,8,0,0,0,0,0,0.9710815631132228,0
86.69668436034819,7,0,1,0,0,0,0.6146570304793192,2
100.0,2,3,0,0,0,0,1.0,1
77.18084590132987,3,0,0,0,0,0,0.8774495582569857,0
59.65576709708346,4,1,0,0,0,0,0.7387880563679534,1
83.19452539190776,5,0,0,0,0,0,1.0,0
76.37430793965491,6,0,0,0,0,0,0.9051824103669321,0
97.12387900973619,5,0,0,0,0,1,0.8235107780269026,1
95.50886462582652,14,0,1,1,0,1,0.8957588672238324,2
82.52575997994545,17,0,0,0,1,1,0.8741756435152448,2
63.31731089355924,0,0,0,0,0,0,1.0,0
80.48952701506,9,0,1,0,0,0,0.9820303941233299,2
98.13710186749776,3,0,0,0,1,0,0.9243687385252318,2
83.10542585359129,2,0,0,0,0,0,0.758688904753919,0
59.467629604431316,10,2,0,0,0,0,0.9779349988941767,1
74.33729087837149,1,0,0,0,0,1,0.7936617466197219,1
93.93144348970581,5,0,0,0,0,1,0.921203452096883,1
63.24160191845914,7,1,1,0,0,0,0.8817388864581985,2
86.78435625245925,2,1,1,0,0,0,0.7067723546152695,2
85.9582087290763,6,0,0,0,0,0,0.9054861918476321,0
88.58985448574339,11,2,1,0,0,0,0.9105842769305288,2
76.13278217642328,6,0,1,0,0,0,0.9315996088847017,2
66.97953662665711,4,0,0,0,0,1,0.8359351992246988,1
88.04319527488613,13,0,1,0,0,0,0.9493431199891398,2
78.65763820496197,10,0,0,1,0,1,0.7316747511278803,2
79.52663111803415,5,0,0,0,0,0,0.6696978144697652,0
79.19424484970982,0,1,1,0,0,0,1.0,2
77.00114401459936,4,1,0,0,0,0,0.9470496182520212,1
90.05222648700281,0,1,0,1,0,0,1.0,2
100.0,1,0,0,0,0,0,0.9640606320645724,0
79.16734220135787,7,0,0,0,1,0,0.7824321494910093,2
81.07910627011998,8,0,1,0,0,1,0.7193279055847391,2
89.7634458657175,1,0,0,0,0,0,0.8528874874800463,0
89.93546092634924,2,0,0,0,0,0,0.8928570360571606,0
100.0,9,0,1,0,0,0,0.7497518817155938,2
84.59423406713967,11,0,0,0,1,0,1.0,2
72.88964677866021,8,1,0,0,0,1,0.6534908567888851,1
92.05118326547382,0,0,0,1,1,0,0.9976920272281776,2
73.8699140291753,7,0,0,0,0,0,0.7781573459466377,0
71.08558173118593,6,0,1,0,0,0,0.9584925814671275,2
74.64366258278645,6,0,0,0,1,0,0.5698982014947187,2
100.0,9,0,0,1,1,0,0.9263221893430362,2
76.86739867786777,4,0,0,0,0,1,1.0,1
100.0,1,0,1,0,0,1,0.8763602329638976,2
93.91685233380115,11,0,1,0,0,0,0.8260321923038579,2
90.49113488457375,2,2,0,1,0,0,0.6981171275553457,2
84.59718714365671,4,0,1,0,1,1,0.844617492126862,2
82.23388513706456,1,0,0,0,0,0,0.8698883219185386,0
90.49886129342612,1,0,0,0,0,0,0.6907304843673979,0
90.96879831053046,10,0,0,1,0,0,1.0,2
83.74073509688434,11,0,1,0,1,0,1.0,2
80.46179507474467,6,2,1,0,0,0,0.7796377897008573,2
97.12352486503195,11,2,1,1,0,0,0.6998426103418979,2
95.73262475998703,12,0,1,0,0,0,1.0,2
85.61178885524606,6,0,0,0,1,0,0.7055919074876666,2
89.335847897626,5,0,0,0,0,0,0.990870454208682,0
84.93468512896433,3,0,0,1,1,0,1.0,2
83.72286006397374,7,0,1,0,0,1,0.7873178498779604,2
67.80272121735578,4,0,0,0,0,0,0.7372407458779341,0
93.38626630433633,1,0,1,0,0,0,1.0,2
74.77879352535244,14,1,0,0,0,0,0.7350316774739915,1
90.70733077229045,0,0,1,1,0,1,0.9569241728730684,2
86.04266734694174,4,0,0,0,0,0,0.8145418727672968,0
87.70086107562125,4,0,0,0,0,0,0.9399023965623744,0
82.57811012681235,12,0,1,0,0,0,0.9982130939249275,2
89.19343463942326,9,0,0,0,0,0,1.0,0
90.29141146533118,6,0,0,1,0,0,0.9727413319319747,2
75.21647589467742,1,0,0,0,0,0,0.8480600117196987,0
100.0,5,0,1,0,0,0,1.0,2
88.00821363718929,7,1,0,0,0,0,1.0,1
74.21414643957327,3,0,0,0,0,1,1.0,1
86.13196605172242,6,1,1,0,1,0,0.8591456564211842,2
70.95066901183672,0,0,0,0,0,1,1.0,1
79.27543433978174,0,0,0,1,1,0,0.6467329435959768,2
79.59547326675403,6,2,0,0,1,1,1.0,2
84.69212009697706,4,0,0,0,0,0,0.9541494064378674,0
68.4784072596448,0,0,0,0,0,0,0.8295006620200742,0
84.32884792430822,0,0,0,1,0,0,1.0,2
87.28609097843724,11,1,0,0,0,0,1.0,1
81.42829320101568,13,1,0,0,1,0,1.0,2
80.96217417396204,4,0,0,0,0,0,1.0,0
65.17716826503644,2,0,0,0,0,1,0.8830945983019598,1
100.0,2,0,0,0,0,0,0.7772379494195149,0
85.5413419667752,6,0,0,0,0,0,0.8431507312712945,0
77.09649882437296,8,0,1,0,1,0,0.8362127998257843,2
91.78841715241917,0,0,1,0,0,0,0.6018029277648952,2
99.12242904454659,5,0,0,0,0,0,0.8276999027158508,0
100.0,14,0,0,0,0,0,0.7618653197344453,0
100.0,6,0,0,0,0,0,1.0,0
88.3268138584022,9,0,0,0,0,0,0.9305518322767674,0
73.55063978200724,2,3,0,0,1,0,1.0,2
90.27864677640652,3,0,0,0,0,0,0.7591469486819749,0
83.38316136181297,5,1,1,0,0,0,0.9920454793099973,2
85.25220730608618,8,1,0,0,0,0,0.872191297586964,1
85.18314827620188,9,1,1,0,0,0,0.9150571111125891,2
79.60867735575043,1,0,0,0,0,0,0.7539556696016537,0
88.7420766922277,0,0,1,0,0,0,0.8137972058912593,2
71.79713660257082,10,0,0,1,0,0,0.765001806005982,2
88.99032781571827,4,0,1,0,0,0,0.6247802647199954,2
100.0,14,1,0,0,0,0,0.9482976557899113,1
100.0,3,0,1,0,0,0,0.6239564368497333,2
99.55058077386796,9,0,0,0,1,0,1.0,2
98.5017350629124,18,0,0,0,0,0,0.9774052708635633,0
79.80388298561893,7,0,1,0,0,0,1.0,2
84.99234175464909,3,3,0,1,1,0,0.9493035002507829,2
82.67281979841128,0,1,1,0,0,0,0.8468062897231102,2
79.14661005427975,6,0,0,0,0,0,1.0,0
75.99582934540899,3,0,0,0,0,0,0.8522909396713683,0
98.47264240248809,8,0,0,0,0,0,0.9205739073500128,0
90.95415175278612,0,0,0,1,0,0,0.76161591068416,2
80.42827324061201,4,0,0,0,0,0,0.6528749918779887,0
92.93128126970676,6,0,0,1,0,0,0.8666265444184623,2
83.28054865049516,5,1,0,0,0,0,0.938593022458211,1
88.43795738702391,4,0,1,0,0,0,0.7952646772185239,2
76.70235711074521,0,0,0,0,0,0,0.7566286166728591,0
98.82609672000784,15,0,0,1,0,0,0.7299004650916393,2
74.99133481110509,6,0,1,0,1,0,0.983451039716893,2
72.36863013077732,7,0,0,0,1,0,1.0,2
87.88035894492592,0,0,0,0,0,1,0.7346754211513917,1
80.0188396144544,5,0,0,0,1,1,0.9690343829581576,2
86.52523753077058,2,1,1,0,0,0,0.7011106680383838,2
96.40710250545204,6,0,0,0,0,0,0.8675818787995492,0
93.15370135460634,16,0,1,1,0,0,0.7444454525942198,2
71.91694036429371,4,0,0,0,1,0,0.8983235673414381,2
88.13645320033763,9,0,1,0,0,1,0.8522802426996987,2
71.82778372424075,0,1,0,0,0,1,1.0,1
81.53177927483902,0,0,0,0,0,1,0.7812029460144714,1
92.2900053601826,6,0,0,0,0,1,0.7604834544435894,1
100.0,3,1,0,0,0,0,0.6428321228947814,1
93.97237829857049,5,0,0,0,0,0,1.0,0
100.0,0,0,1,0,0,0,0.7750157188083411,2
77.67840750174973,1,2,0,0,1,1,0.9653299926494778,2
90.93883617609767,12,0,0,0,1,0,1.0,2
83.26999534255948,0,0,0,0,0,0,0.9479849283188738,0
90.10849743864557,4,0,1,0,0,0,1.0,2
100.0,10,1,1,0,0,0,1.0,2
81.75425351780969,4,0,0,1,1,0,0.8786652722909732,2
96.8885610626916,9,1,0,0,0,0,0.8986368333579187,1
78.30314144864923,1,3,0,0,0,1,0.8590988727681893,1
94.32945895755486,1,0,0,0,0,0,0.8779948137243557,0
77.71503902108392,13,1,0,0,0,0,0.6117479302232757,1
100.0,5,0,0,0,0,0,0.8506571941562808,0
68.94122894505657,2,0,0,0,0,0,0.8074496390559074,0
87.06890961381933,1,0,0,0,0,0,0.7148413289279327,0
72.11922631311879,8,0,0,0,0,1,0.9822173970212067,1
92.83984420568555,0,0,0,0,0,0,0.9331874271869574,0
85.2918883830035,5,0,0,0,0,0,0.8148713589436817,0
79.68033317044352,6,0,0,0,0,0,0.9724423931152806,0
100.0,3,0,0,0,0,0,0.7280906409354857,0
76.78670602728403,2,3,0,0,1,0,0.9520096145148398,2
72.86051259334081,7,0,1,0,0,0,1.0,2
87.87016487445278,1,0,0,0,0,0,0.9091436086204807,0
74.35345330649899,8,2,0,0,0,0,0.902313708766003,1
75.80798495790707,11,0,0,0,1,0,0.996662319683199,2
90.17306823010445,12,1,0,1,0,0,0.9086382474062589,2
97.06908794435473,9,0,0,0,0,0,0.8398516586197722,0
90.5140105163029,0,1,0,0,1,0,0.93946993362095,2
86.846757319095,2,1,0,0,0,0,1.0,1
80.64741292138982,5,0,0,0,0,1,0.8088658165284304,1
84.17868589959234,0,0,1,0,0,0,1.0,2
71.07582544621155,16,0,0,0,0,0,0.8380932006042071,0
89.03553651239889,0,0,1,1,0,0,0.9601232042348062,2
91.03405784215285,10,0,0,0,1,0,0.8408187433302785,2
77.38593026182836,16,1,0,0,1,0,0.9711896562319892,2
72.0226940370027,7,0,0,0,0,0,1.0,0
100.0,6,1,0,1,0,0,0.7465477196944625,2
77.98079609696336,4,0,0,0,0,0,0.9664311107730453,0
84.85161634403715,0,0,0,0,0,1,0.9650019989623762,1
82.06859346945846,0,0,0,1,0,0,0.7815608969210658,2
85.58347048893471,0,0,0,0,0,0,0.8494820039311956,0
81.46614609811186,5,0,1,0,0,0,0.955227159105655,2
95.46509524246896,7,0,0,0,0,1,0.9396744996441294,1
92.4929969520732,0,0,0,0,0,0,0.838646387994243,0
90.49890549184725,11,2,0,0,1,0,0.9195869103412727,2
73.5154521880893,11,1,0,1,0,0,0.9746826477574502,2
89.15261539722671,7,2,0,0,0,0,1.0,1
90.07923823438799,0,2,0,0,1,0,0.5739175832137726,2
78.91050884895833,3,0,1,1,0,0,0.6627334695994773,2
84.74695878164961,0,0,0,0,0,0,1.0,0
96.4691098029084,8,0,0,0,0,0,0.8183410698081863,0
89.15167722870288,5,1,1,0,0,0,0.8752456686225804,2
83.88283589524781,3,0,0,0,1,0,0.9429228805058263,2
96.68708060440082,16,0,0,1,0,0,0.7371924065396176,2
62.32644135537865,0,0,1,0,0,0,1.0,2
70.51822711839489,0,0,1,0,0,0,1.0,2
88.0289904473208,4,0,1,0,1,1,1.0,2
87.39312177006596,16,1,0,0,0,0,1.0,1
85.31256509819667,6,0,0,0,0,0,0.7589403404656101,0
84.9558543255809,6,0,0,0,0,0,1.0,0
88.54433890681128,1,0,0,1,0,0,0.7681180680504202,2
97.66704524018374,11,0,0,0,1,0,0.9196096696750717,2
86.58281640978497,0,0,0,0,0,0,1.0,0
83.4066124834312,5,0,0,0,1,0,0.9597446636280438,2
96.92514103091304,9,0,0,0,1,1,0.6795053833557396,2
84.69509182137942,9,0,0,0,0,0,0.8469454680226725,0
71.75625201545368,10,0,0,0,1,0,1.0,2
88.6977330229527,7,0,1,0,0,0,0.7451831088106344,2
80.99180879301858,8,0,1,0,0,0,1.0,2
82.37758961665337,6,0,0,0,0,0,1.0,0
96.26251467155585,6,0,0,0,0,0,0.8242693642282175,0
90.86290734010326,7,1,1,0,0,1,0.8958409626271183,2
72.99664961279402,4,0,0,0,0,0,0.8637550043655129,0
72.88461855217813,4,0,0,0,0,0,0.9721105267195214,0
89.70746053773654,5,0,0,0,0,0,1.0,0
96.52573572778891,0,0,0,0,0,0,0.8087038760485374,0
97.04141889760862,8,0,0,0,1,1,1.0,2
92.63453563258173,3,0,0,0,0,1,1.0,1
80.03439622682691,3,0,1,0,0,0,1.0,2
95.78508858825982,11,3,0,0,1,0,0.7934421352437682,2
75.11843689354961,2,0,0,0,0,0,0.7448286890683329,0
86.2668587270615,4,2,0,0,0,0,0.7942033837150861,1
93.50522609636174,0,2,0,0,0,0,1.0,1
93.17072837057869,5,0,0,0,0,0,0.46387848102159424,1
90.24898129075505,2,0,0,1,0,0,1.0,2
100.0,0,0,0,0,0,0,0.7681032242605355,0
84.40306780185473,5,0,0,0,0,0,0.7981612861883907,0
66.25582292329617,3,2,0,0,1,0,0.7918699850013519,2
99.11487958213135,0,0,0,1,1,0,0.7483985858923802,2
71.15287203533448,9,1,0,0,0,0,0.7562536986704129,1
93.10758895015292,14,1,0,1,0,1,1.0,2
81.05623670466298,12,0,0,0,0,0,0.8091756678087856,0
100.0,8,0,0,0,0,0,0.9463399103969774,0
75.6508397771564,5,0,0,1,0,0,1.0,2
90.48425120497036,5,0,0,1,0,0,1.0,2
78.65023738575277,15,0,0,0,1,1,0.6439736003830625,2
86.36619548222016,7,1,0,0,0,0,1.0,1
81.69393700722871,9,0,0,0,0,0,0.9229765794875001,0
69.1109416569396,1,0,1,0,0,0,0.7603162037516398,2
79.2319369956972,0,0,0,0,0,0,0.9478365056372802,0
96.151396795479,0,0,0,0,0,0,0.7318205959280147,0
87.02176825710866,0,0,0,0,0,0,1.0,0
78.63280668390135,3,0,0,1,0,1,0.9427406813883297,2
78.02807185114317,2,0,0,0,0,0,1.0,0
83.10425388040949,7,0,1,0,0,0,0.7912610138431397,2
82.98491610236708,2,0,1,0,1,0,0.7391497533060346,2
98.73800632889422,8,0,0,0,0,0,0.8976181068054885,0
70.07306054761204,5,1,1,0,1,0,0.8899343536018537,2
100.0,0,0,0,0,1,0,0.8973219912126155,2
82.92163198258915,1,0,0,1,0,0,0.7207977072260557,2
84.11918990979977,2,1,0,0,0,0,0.8395615344225261,1
83.17531575990284,6,0,1,0,0,0,0.9956129511230823,2
70.7526487848722,0,1,0,1,1,0,0.8459425510440656,2
86.98349600651399,3,0,1,0,0,0,0.7928621883190412,2
82.00823534431889,5,0,1,0,0,0,1.0,2
82.03273342997848,0,0,0,0,0,0,0.8190677154358375,0
93.15155315262743,14,0,0,0,0,0,1.0,0
97.69962268249262,0,3,1,0,0,0,0.9537337534952961,2
95.27706235134823,7,0,0,0,0,0,0.9796714645003459,0
83.96556379313924,4,0,0,0,0,0,0.8713557234962278,0
77.49422342578904,7,0,0,0,0,0,1.0,0
97.74646936248661,0,0,1,1,0,0,0.846978533315208,2
82.32137022169225,2,0,0,0,1,0,0.7248737116401686,2
76.12180657878683,6,0,0,0,0,1,0.8105794213788933,1
65.18129147510794,5,0,0,0,1,0,0.7786379979996793,2
76.40727845751053,4,0,0,0,1,0,0.5007916070769887,2
71.2531888156568,5,3,0,0,0,0,0.9629366204164163,1
73.71810938234924,8,0,1,0,0,0,0.8383242975530016,2
87.39907267903239,7,3,0,0,0,0,0.879101626847876,1
91.52879178845723,4,1,1,0,0,1,0.5684794687020951,2
100.0,5,0,0,0,0,0,1.0,0
77.96026760992214,15,0,0,1,0,1,1.0,2
71.61143898834871,5,2,0,0,0,0,1.0,1
81.82769093967964,0,0,0,1,0,0,0.5950509397061072,2
88.20911163842518,5,0,0,0,1,0,0.7962807617590221,2
100.0,0,0,0,1,0,0,0.9033736081081218,2
100.0,5,0,0,0,1,0,1.0,2
97.39380202768628,3,0,0,0,0,0,0.8112928158699058,0
85.36825346582503,0,0,1,0,0,1,0.704177040442924,2
96.54595938021978,6,0,0,0,0,0,1.0,0
80.8754399515433,11,0,0,0,0,0,0.7309108014059496,0
72.21939971669336,2,0,1,0,0,0,0.6832501874172939,2
89.67315222043337,9,0,0,0,0,0,1.0,0
87.13245869479712,10,0,0,1,0,0,0.8667905235415099,2
88.13884104147871,6,0,0,0,0,0,0.9203504405477305,0
81.59183864813403,7,0,0,0,1,0,0.7901228746039647,2
79.88104785948424,8,0,1,0,0,1,0.6919917244679619,2
80.70340998288907,5,1,0,0,0,0,1.0,1
86.5896740625399,5,0,0,0,0,1,0.8275194842178811,1
97.10964765807037,0,0,0,0,0,0,0.9366269477519578,0
94.29911528960103,3,0,0,0,1,0,0.9288178946531285,2
70.15867135577385,5,1,0,0,0,0,0.6859455259998759,1
66.9115158288075,11,1,1,0,1,0,0.7793073794710323,2
87.48916785316186,0,0,0,0,0,0,0.9106217157290633,0
94.52853420743021,0,0,0,0,1,0,1.0,2
88.62622195728403,6,1,0,0,1,0,1.0,2
85.44980149586299,0,0,0,1,0,0,0.6983758882249957,2
85.91917568972593,3,0,0,0,1,0,1.0,2
87.16739631274815,8,3,0,0,0,0,0.7739873164287258,1
87.80381478329262,0,0,1,0,0,1,0.8170446684519591,2
77.56205805970693,0,0,0,0,0,0,0.9817243501473376,0
76.85220985031097,0,0,1,0,0,0,0.7814388685635476,2
87.99420090326062,10,0,0,1,0,0,0.9499983922574486,2
88.2367958571428,12,0,0,0,0,0,0.8009463080365189,0
80.23337720840227,7,0,1,0,0,0,0.9009347299168314,2
84.70478115597308,0,0,0,0,0,0,0.9364857711639872,0
87.07400694423454,6,0,0,1,0,1,1.0,2
85.94473495895255,0,0,0,0,0,0,0.9999167117805594,0
87.7812952358597,1,0,0,0,0,1,1.0,1
96.4764418887954,8,1,0,0,0,0,1.0,1
74.29938065940283,3,0,0,0,0,0,0.9592348235083951,0
83.68900215117515,0,0,0,0,0,0,0.751748137535037,0
94.2960415041515,6,0,1,0,1,0,0.9079887695431016,2
72.72875936751501,10,0,0,0,0,0,0.8656875395304011,0
79.63495221032582,3,2,0,1,1,0,1.0,2
89.62604493055935,9,0,1,0,0,0,0.8454267644163782,2
82.94339359311633,3,0,0,0,0,0,0.8301838905007152,0
84.99955565520969,5,0,0,0,0,0,0.9538225162748534,0
98.69455522202296,3,0,0,0,1,0,0.8592059924476163,2
73.74509953392204,0,0,0,0,0,0,0.9235711048982116,0
68.92859680277984,0,2,0,0,1,0,0.7518057894082147,2
63.598631844141835,0,0,0,0,0,0,0.8406973557140639,0
72.83143256003235,4,0,0,0,1,0,0.8255447974502543,2
74.97983157414392,0,0,0,1,0,0,0.679384521342351,2
79.96193128249688,4,0,0,0,0,0,1.0,0
92.11360897114514,1,1,0,0,0,0,0.8071345925496355,1
85.79209057203146,0,0,0,1,0,0,0.8109591740063631,2
86.08610038032008,12,1,0,0,0,0,0.927065212404289,1
74.92361668076376,6,0,0,0,0,1,0.8654653734877473,1
92.78421549657583,6,0,0,0,0,0,0.6992203300649782,0
89.86148997826781,3,1,0,0,0,0,0.8727278396260497,1
100.0,1,0,0,1,0,1,1.0,2
71.77502836120588,7,1,1,0,1,0,1.0,2
99.57422513840133,0,0,1,0,0,0,0.9325294233451833,2
91.67303341179613,0,0,0,0,0,0,0.9229168470394306,0
80.22386040103207,7,0,0,0,1,0,1.0,2
87.96878745320744,9,1,0,0,0,0,0.7442545124434983,1
68.51775319272943,9,3,0,1,1,0,0.7964426513783606,2
82.38877547822482,7,0,1,0,1,1,0.8179498574326705,2
91.12665204299233,1,0,1,0,0,0,0.9651865233813617,2
97.99380918959511,0,0,0,0,0,0,0.8095148182242191,0
76.4103116427798,0,0,0,0,0,0,1.0,0
71.75534639029823,12,0,0,0,0,1,0.9958603924153755,1
90.1631068958353,8,2,0,0,0,0,1.0,1
100.0,1,3,0,0,0,0,0.6869472078067477,1
94.53126636387391,7,0,0,1,0,1,1.0,2
69.23166257595135,4,2,0,0,0,0,0.9126015188398972,1
74.74625422197782,7,1,0,0,1,0,1.0,2
83.11492327524714,0,0,0,0,0,0,0.8104524512773734,0
80.52222405644767,0,0,0,0,0,0,0.9580739599856628,0
91.77707752599508,7,0,0,0,0,0,0.9064003649901528,0
90.28655490386964,3,0,0,0,0,0,0.9111021747909698,0
75.52045116854946,0,1,0,0,1,1,0.8855992627971119,2
82.27783617067841,8,0,0,1,0,1,0.7410037313526222,2
79.61931488301208,8,0,1,0,0,0,1.0,2
79.49602281550258,2,3,0,0,0,0,0.8776938282382573,1
75.72097090168823,8,2,0,0,0,1,0.9137868134694328,1
83.30626368217378,3,3,0,0,0,0,1.0,1
86.87688652886476,6,1,0,0,1,0,0.7404840996618929,2
96.12491403441565,3,0,0,0,0,0,0.8942960667085528,0
81.76370768066386,9,0,0,0,0,0,0.9886394385993149,0
99.50167703495985,1,0,0,0,1,0,0.8537712534469077,2
80.59214014622994,6,1,1,1,0,0,0.8845428522393183,2
90.26660039035285,13,0,1,0,0,0,1.0,2
83.36985818751806,0,0,0,0,1,1,0.9184895414530854,2
65.32892818181215,2,0,0,0,0,0,1.0,0
81.6105741642332,2,0,0,0,0,0,0.7076620907424884,0
75.92380613336181,5,0,0,0,0,0,0.8056089722774227,0
93.80571627991418,12,0,1,0,0,0,0.8779397656393383,2
73.1084829985387,6,0,1,0,0,0,0.7314830842521388,2
93.2327730417842,11,0,0,1,1,0,1.0,2
78.82368261590227,0,0,0,0,0,0,0.8521614409697498,0
100.0,0,0,0,0,0,0,0.7612536567337418,0
86.48015713994079,0,1,0,0,0,0,0.9344842416867445,1
80.72360597790706,6,0,0,0,1,0,0.9352207714027106,2
97.76219242739313,3,0,0,0,0,0,1.0,0
91.40463887569334,0,0,0,1,1,1,0.9492427365846353,2
84.86626258435561,0,0,0,0,0,0,0.619131305339382,0
67.57707334464743,13,0,0,0,0,0,1.0,0
91.28371837537341,8,2,1,1,0,0,0.8278079803472772,2
91.09460846990059,12,0,0,0,0,0,0.8180711792079284,0
84.51794988063314,8,0,0,1,0,0,0.9387378855099706,2
82.23137740112908,9,0,0,0,0,0,0.7935346494702934,0
87.26833992311555,4,0,0,0,0,0,0.956260170993168,0
72.31447248154889,9,0,0,0,0,0,0.9491929490066005,0
92.20925645130906,10,1,0,0,0,0,0.7726393172029025,1
65.28707829643443,1,0,0,0,0,0,0.9428201678869567,0
79.61563160062612,5,0,0,0,0,0,0.8934264671973412,0
92.65262461069173,0,0,0,0,0,0,0.9955804050421335,0
79.4742042279854,5,0,0,0,1,1,0.7514473164774342,2
97.58677437844123,3,0,0,0,0,0,0.7780457585903543,0
83.29496615409174,7,0,0,0,0,1,0.8061493910917983,1
74.83574258872488,13,0,0,0,0,0,1.0,0
79.37718230509859,1,1,0,0,0,0,0.8416793242819295,1
87.17165771841722,0,0,1,0,0,0,1.0,2
78.24236591821831,0,2,1,0,0,0,0.9160143788078743,2
83.24144051185654,9,0,0,0,0,1,0.7895826937559914,1
74.7092421262616,19,1,0,0,1,1,0.7152762650383787,2
81.28347003473894,3,0,1,0,0,0,0.8184474470705609,2
75.1884681176734,1,0,1,1,0,0,0.7572084853162913,2
91.7453060161598,1,0,0,1,0,0,1.0,2
82.14752053391248,8,0,0,0,0,0,0.9866321641374827,0
86.74611895949113,0,0,0,1,0,0,0.8607327868798361,2
93.13685181022645,5,3,1,0,0,0,0.7732924077622385,2
98.19071787862805,0,0,1,0,0,0,0.8413317212164066,2
89.5702004863707,13,0,0,1,0,0,1.0,2
93.47017274312523,2,0,1,0,0,0,0.7785218629098659,2
89.22295340935487,0,0,0,0,0,0,0.6281613349240062,0
90.6684831614898,7,0,1,0,0,0,0.8931461156960045,2
86.9321723604032,0,0,0,0,0,0,1.0,0
80.42032788134884,9,2,0,0,0,0,0.9134314103376795,1
89.08648186859979,3,0,1,1,0,1,0.7744279685905284,2
100.0,1,0,0,0,0,0,0.993808292863352,0
86.52251134493923,7,2,1,0,0,0,1.0,2
76.23835295509808,7,1,0,0,0,0,0.8469632596076542,1
87.63956542779967,5,0,0,0,1,0,0.7182811192732269,2
85.55798145683603,6,0,0,0,1,0,0.6697672732586752,2
86.8220518298711,9,0,1,0,0,0,0.7868871545696705,2
93.6356720192916,2,0,0,0,0,1,0.7754661132771029,1
83.11645446544858,4,0,0,0,0,0,0.910061995526814,0
82.24378128848836,11,0,0,0,0,0,0.9243019240875018,0
69.34004303646763,11,0,1,0,0,1,0.6124274786434543,2
88.54664788094807,8,1,0,0,1,0,0.8138890074406245,2
80.76190341811929,6,0,1,0,1,0,0.9821212236561683,2
87.33936122368738,11,0,0,0,1,0,0.7973853520877777,2
74.27617302276737,10,0,0,0,0,0,0.8272347452593285,0
83.42834375336749,10,1,0,0,0,0,0.9021882783412011,1
92.18922052982262,10,0,0,0,1,0,0.8223043635862471,2
87.90174328536743,11,0,1,0,0,0,0.6263989446898448,2
100.0,3,2,1,0,0,1,1.0,2
72.0117240337783,0,0,1,1,0,0,0.8308971920330462,2
80.88200052118793,9,2,0,0,1,1,1.0,2
94.90878591325611,12,0,0,0,0,0,0.545215797743172,1
72.7757951441911,5,0,0,0,0,0,1.0,0
89.83136117690317,0,0,1,0,1,0,0.9136497991771194,2
80.5555383077628,4,0,0,0,0,0,0.9094558926541811,0
86.65025403858309,1,1,0,0,1,0,0.9541291321864582,2
81.10216356810992,10,0,0,0,0,0,1.0,0
74.5798475543464,4,1,0,0,1,0,0.7076364474613807,2
90.5010570174489,5,0,0,1,1,0,0.6609990771755051,2
95.92402774114078,0,0,0,0,0,1,1.0,1
87.72401306708224,1,0,0,0,0,0,0.9789603245231878,0
80.38867731743903,3,0,0,0,0,0,1.0,0
69.13817847637624,1,0,1,0,0,0,1.0,2
74.71498483246472,13,0,0,0,0,0,1.0,0
100.0,3,0,0,0,0,0,0.5861000492597689,1
96.21621252111412,8,0,0,0,0,0,0.9900381907141375,0
81.90676238246326,4,0,1,1,0,0,0.8313424285225206,2
80.46579778377411,0,0,1,1,0,0,0.863020349181292,2
84.85388459265697,3,0,0,0,0,0,0.8428474311225883,0
76.70448792605276,0,1,1,0,0,0,0.6274408350270719,2
80.76148930323356,7,2,0,0,1,0,0.9619855142899951,2
81.04346370092685,7,0,0,0,0,0,0.911513355545874,0
85.52107318028686,0,1,0,0,1,1,0.9981497976867673,2
72.21171374280745,13,0,0,0,0,1,0.9880603911657515,1
83.97906908991733,1,1,0,0,0,0,0.8167681097156715,1
94.63510686848414,0,0,1,0,0,0,1.0,2
78.38943400320889,9,0,0,0,0,0,0.9937648918404209,0
88.34626709808407,5,0,0,1,0,0,0.868657711344793,2
80.19287873729932,3,1,1,0,0,1,0.907688127914385,2
78.04747223493868,13,0,0,0,0,0,0.9020022812130801,0
100.0,16,2,0,0,1,0,0.9066715754356475,2
86.42297186160687,16,0,0,0,0,1,0.6688530355613382,1
95.73710679421406,0,0,0,0,0,0,0.9839968476291662,0
90.55580374265568,8,0,0,0,0,0,0.6555466951669994,0
82.0912724740952,0,0,0,0,0,0,0.8194416108145741,0
97.81351663930887,6,0,1,0,0,0,0.8057441378436276,2
90.05293360126008,10,1,0,0,0,1,0.913849884514266,1
93.11452556001527,7,0,0,0,0,0,1.0,0
89.65431284844016,1,0,0,0,0,1,0.9713855108927033,1
100.0,0,1,0,0,0,0,0.6737744687049487,1
81.82499291101156,23,0,0,0,1,0,1.0,2
87.75541525034495,4,0,1,0,1,1,0.6198112514742846,2
100.0,2,0,0,1,0,0,0.8994749888624464,2
71.77469095909878,6,0,0,0,0,0,0.7849162878939917,0
93.62237912402911,1,0,0,0,0,0,1.0,0
85.18907189399464,0,0,1,0,0,0,0.7045227397631706,2
93.82447593418196,3,0,0,0,0,0,1.0,0
90.76149958562871,2,0,1,0,1,0,0.8200327385294979,2
77.7354028604721,0,0,0,0,0,0,0.7934553522368724,0
93.23197601079679,11,0,1,0,0,0,0.9112143026509634,2
79.74158331510105,8,0,0,1,0,0,0.982312526538978,2
64.62340882714626,1,0,0,0,1,0,0.9867448567832164,2
83.49255491516837,14,1,0,1,0,0,1.0,2
71.81316982476648,7,0,0,0,0,0,0.8950125506480329,0
96.47919120253444,4,0,0,1,0,0,1.0,2
95.20552613583702,0,1,0,0,1,0,0.9950619972120108,2
70.93591362819078,1,2,0,0,0,0,0.9663331580922392,1
73.7143204239504,10,0,0,1,1,0,1.0,2
97.26689799482646,2,1,0,0,0,0,0.7358455466053161,1
75.2645041516025,10,0,1,0,0,0,1.0,2
94.85369600814657,1,0,0,0,0,0,0.9901113152793011,0
67.75619708174756,2,0,0,0,0,0,1.0,0
81.13821934658976,3,1,1,0,1,1,0.7331836577812099,2
79.67057097742254,5,2,0,1,0,0,1.0,2
94.68732181745635,4,0,0,0,0,0,0.9129645670399988,0
85.41668276407106,0,0,1,1,0,0,0.4720776581885288,2
94.06142776794684,0,0,1,1,0,1,1.0,2
80.14281575950753,17,1,0,0,0,1,0.9049725194237277,1
82.07577393331584,8,1,0,0,0,0,0.9638656046977139,1
97.96774886964832,7,1,0,0,0,0,0.9536660092557245,1
88.29577989991503,7,0,0,0,0,0,0.9015362404100498,0
66.43038104217082,10,0,0,0,0,0,1.0,0
83.51445720328098,7,0,0,0,0,0,0.9116058210738238,0
64.80760098975148,9,0,0,0,0,0,0.8805702565211738,0
94.32377692816847,2,0,0,0,0,0,0.8717755324302412,0
85.07363138833327,0,0,0,0,0,0,1.0,0
82.04214357271739,3,0,0,1,0,1,0.9228657118899085,2
83.47041675888984,2,0,1,0,1,0,0.9959056132518563,2
90.84677290445008,4,0,0,1,0,0,1.0,2
77.0919701957527,0,0,0,0,0,0,0.9176732587307851,0
100.0,1,0,0,0,0,0,0.9360671692910635,0
79.33902358145029,6,0,0,0,1,0,0.6529209872199512,2
93.42309520693985,5,0,0,0,0,0,0.7681035255685503,0
97.54157543290883,0,0,0,1,0,1,1.0,2
80.44618844077488,0,0,0,0,0,0,0.8541427704342761,0
80.55168329177205,3,0,0,0,0,0,0.9391356109698276,0
83.89785497588416,5,1,0,0,0,0,0.8756999129355453,1
85.41695051641547,8,0,0,0,0,0,0.9628530654201626,0
88.69568377239284,4,2,0,0,0,0,0.8065553614698321,1
71.64233649954446,0,0,0,1,0,1,1.0,2
82.01272529258374,8,1,1,1,0,0,1.0,2
92.4662856032931,13,0,0,0,0,0,0.8252429886282595,0
78.14909976718934,4,1,0,0,1,0,1.0,2
73.87274392230309,7,0,0,0,0,0,1.0,0
94.318001026422,11,0,0,1,0,0,1.0,2
92.51244220940207,2,1,0,0,1,0,1.0,2
100.0,0,1,1,1,1,1,0.9514904762186478,2
81.47566186000162,10,0,1,0,0,0,0.72151586202546,2
84.73315527199684,7,0,0,0,1,0,1.0,2
71.2418222121672,9,0,0,0,0,0,1.0,0
90.10950728650114,4,0,1,0,0,0,0.9084765792594622,2
81.39237595759286,0,0,0,1,0,0,0.6455061600436289,2
93.30751798051081,0,0,0,0,0,0,0.7650045786232027,0
92.37661390589913,5,0,0,1,1,0,0.9003053890126991,2
80.72425100223663,12,0,0,0,0,0,0.9630693196171032,0
94.35796023553083,4,0,1,0,0,1,0.9368487291537007,2
87.17508396268155,10,0,0,0,0,0,0.8023789453489418,0
82.63855654924451,12,2,0,0,0,0,0.8293066756356451,1
70.78689927613831,3,0,1,1,0,0,1.0,2
73.8636324686884,9,1,0,1,0,0,0.8488758615039927,2
100.0,0,1,0,0,1,0,0.7901361809482232,2
91.48538134988642,5,0,0,0,1,0,1.0,2
86.01111728727295,8,1,0,0,0,0,1.0,1
80.03042297360962,3,0,1,1,0,0,1.0,2
86.36200178476463,10,1,1,0,0,0,0.8169662637989621,2
79.2625770151182,7,0,0,0,1,0,0.558224644292602,2
85.99714431106617,15,0,0,0,0,0,0.6661992569845372,0
93.53728856510618,3,3,1,0,0,0,1.0,2
65.62861967643465,9,0,0,1,0,0,0.8138000041179159,2
81.6748734724815,3,2,1,0,0,0,1.0,2
88.58326037841924,2,0,1,1,0,0,0.7447554706868236,2
92.78963925851124,7,0,1,0,0,0,1.0,2
79.43855540481684,2,0,0,0,0,0,0.7924505335161124,0
86.67286124944899,4,0,0,0,0,0,0.8463831005350995,0
100.0,13,0,0,0,0,0,1.0,0
98.53871419068146,8,0,0,0,1,0,0.7455968879801521,2
69.14258480421904,8,0,1,0,0,0,1.0,2
77.04802756101168,8,0,1,0,0,0,0.9774818421291097,2
96.20566622006265,0,0,0,1,0,0,0.9801080071644694,2
82.47438474054647,7,1,0,0,0,0,1.0,1
83.12680247234374,4,0,0,0,1,1,0.8168211537893406,2
82.78978030264621,6,0,0,0,0,0,1.0,0
99.37414561606306,6,2,0,0,0,0,0.7746363396811273,1
88.18544184448787,0,1,0,0,0,0,0.9937970514234186,1
80.98267862263039,5,0,1,0,1,0,1.0,2
77.80712859684095,10,0,0,0,0,0,0.7874374791322746,0
93.81476316979706,9,1,0,0,0,0,1.0,1
91.35582421998289,12,1,0,0,0,0,0.8889420130180637,1
85.03414664635713,1,0,0,0,0,0,1.0,0
72.00360136364017,6,0,0,0,0,1,0.8169300853284694,1
77.11146977260564,7,1,0,0,0,0,1.0,1
66.20629836270382,7,0,0,0,0,0,1.0,0
87.45365763408732,8,0,0,0,0,1,1.0,1
87.73761897660627,5,1,0,0,1,0,0.8478512958026908,2
93.3074863305753,2,0,0,1,1,0,1.0,2
98.68221115998773,2,1,0,0,0,1,0.595349697392699,1
81.91519950753647,2,0,0,0,0,0,0.9608546939937042,0
99.55388279832016,0,1,0,1,0,0,0.9701971942173173,2
75.59815103238444,7,0,0,0,0,0,0.9997073673334589,0
82.5822777395744,9,0,1,1,0,0,0.5667466769411956,2
85.90723050443046,7,1,0,0,0,0,1.0,1
91.50518773371066,5,0,0,0,0,0,1.0,0
83.44342279825483,6,1,0,0,0,0,1.0,1
82.16967554183171,0,2,0,0,0,1,0.8467056468600368,1
81.18012763406844,3,0,0,0,1,1,0.8248001773759484,2
100.0,14,0,0,0,0,0,0.7899336023983139,0
75.90220553241235,2,0,0,0,0,0,0.9706276716623867,0
87.69837071863653,6,0,0,0,0,0,1.0,0
99.12529967189002,4,2,0,0,0,1,0.8750562943815522,1
87.47877103046805,1,0,0,0,0,0,1.0,0
68.72052318580702,1,1,0,1,1,0,0.7714533217922728,2
97.7008107350315,0,0,1,0,0,0,1.0,2
64.47799880985981,21,0,0,0,0,0,1.0,0
68.53862045800588,9,0,0,0,1,1,0.7455165039711344,2
82.72009487840569,8,0,0,0,1,0,1.0,2
81.53155705715669,0,0,0,0,0,0,0.874487462248529,0
83.26072987475177,0,0,1,0,0,0,0.8575874057617185,2
82.9579841270175,4,0,0,0,0,0,0.9442975992734032,0
80.72023873709999,6,0,0,0,1,1,0.9287760075657402,2
88.67760532523786,0,0,0,0,0,1,0.9640759184823795,1
89.93221104753441,7,2,0,0,1,0,1.0,2
80.54552070131763,0,0,0,1,1,0,0.993903126237871,2
80.8448343253619,5,0,0,0,0,0,0.8830770306019674,0
100.0,1,1,0,0,1,0,1.0,2
95.79321937104011,0,0,0,0,0,0,1.0,0
87.22860411117426,11,0,0,0,0,0,0.7978413903062087,0
86.47508704241602,11,0,1,0,0,0,1.0,2
86.57996286745104,0,2,0,0,1,0,0.5813686275898573,2
72.96408556172182,9,1,0,0,0,0,1.0,1
84.65777865245782,0,1,0,0,0,0,0.9040122379698989,1
80.32722537121778,0,0,0,0,0,0,0.781674248642617,0
81.04699680239683,0,2,0,0,1,0,0.8812073663833964,2
86.08380490762676,9,0,0,0,0,0,0.9787156011069771,0
80.69470634733175,0,0,0,0,1,0,0.6942497579864451,2
64.56123320703605,4,0,0,0,1,0,0.7822955774668696,2
72.95113697572236,8,0,0,0,0,0,0.9241293551378005,0
100.0,1,0,0,0,0,0,0.9952405438656571,0
79.02647620073459,7,2,0,0,0,1,0.9466275284900002,1
96.59685498475679,4,0,0,0,0,0,0.8664615160657549,0
82.03662938066944,7,1,0,0,1,1,1.0,2
95.93604384047049,0,0,1,0,0,0,0.922441768169437,2
70.83339745537691,0,0,0,0,0,1,1.0,1
92.26511922649401,7,1,1,0,0,1,0.8692616585717977,2
61.25064517765625,0,1,0,0,0,0,0.8754896210884014,1
92.56288171348365,16,3,1,0,0,0,1.0,2
89.75128026669293,3,0,1,0,0,0,0.6346820213964446,2
100.0,5,1,0,1,0,0,1.0,2
98.42624709951772,8,0,0,0,1,1,0.6907001656452367,2
81.52626099064392,6,0,0,0,0,0,0.7285747324871921,0
86.56417862511788,9,0,0,0,1,0,0.7807481601503177,2
76.4583436133939,12,1,0,1,0,0,0.9500591243737934,2
85.34113288282663,5,0,0,1,0,0,0.820735034735477,2
82.19361539887221,7,0,0,1,0,0,0.9754330911105181,2
78.77930541247837,1,0,0,0,0,0,1.0,0
85.02531138355236,1,1,0,1,0,0,0.889809731652596,2
74.22760849612253,7,1,0,0,0,1,1.0,1
92.83755748615128,11,0,0,0,1,0,0.8530441780021895,2
91.2602814939577,0,0,0,0,0,1,1.0,1
79.02492873224887,7,0,0,0,1,1,0.9279409935120527,2
75.9950132978633,3,1,0,0,1,0,0.9702240820804144,2
58.85153759468838,3,0,0,1,0,0,0.7652629887624343,2
87.00367551959967,10,0,0,0,0,0,0.9385948983855633,0
99.4691385222087,10,0,1,0,0,0,1.0,2
86.5923750460173,6,0,0,0,1,1,0.6846830185404169,2
77.56403174144901,0,0,0,0,0,0,1.0,0
84.61357780116698,12,0,0,0,0,1,0.6325195931934756,1
100.0,4,0,0,0,0,0,0.8092219506902228,0
91.85191845156238,4,1,0,0,0,0,0.8172384915391392,1
84.42616404648348,2,0,0,0,1,0,1.0,2
87.86473362018071,4,0,0,0,1,0,0.7770888824302108,2
82.09557489217818,0,1,0,0,1,0,0.9166995412909438,2
82.65711581865403,19,0,0,0,0,0,1.0,0
84.31230766477071,10,0,0,1,0,0,0.9956311874476651,2
48.564387891261276,11,0,0,1,1,0,0.8471719791542668,2
74.47869429367162,6,1,0,0,1,0,0.9357208853064123,2
81.80275961397602,5,0,0,0,1,0,1.0,2
80.17543875030908,0,0,0,0,0,0,0.7078374596962171,0
91.37605428838485,1,3,0,1,0,0,1.0,2
73.55480859874206,0,0,0,0,1,0,0.6665142712392628,2
77.88751721090304,0,1,1,0,0,0,0.9223285216348533,2
82.52073040142237,5,2,1,1,1,0,0.7156806209972855,2
88.07051142853817,5,0,0,0,0,0,1.0,0
86.95488812725176,14,0,0,0,0,0,0.9579825972096141,0
100.0,3,0,0,0,0,0,0.8576473278542246,0
85.75737095335732,0,0,0,0,0,0,0.7094872421641018,0
96.8536917943214,7,0,0,0,0,0,0.9155705408285715,0
79.23834104936871,0,0,0,0,0,0,0.832486291443985,0
84.78361941164799,0,0,0,0,0,1,1.0,1
80.21681757619962,0,0,0,0,0,0,0.9033349972690236,0
73.75196522313762,5,0,0,0,0,1,0.8641992420087206,1
84.80186291755436,3,0,0,1,0,0,1.0,2
81.4251521576208,7,0,1,0,1,0,1.0,2
91.40960257722385,0,1,1,0,0,0,0.5973682557171089,2
67.54813513801312,0,0,0,1,0,0,0.9737876181925146,2
78.2337617393717,2,1,0,0,0,0,0.8450293336636902,1
86.6320989376806,0,0,0,1,0,1,0.8478717396498843,2
98.75611631994508,8,0,0,0,0,0,0.7834655736249796,0
89.07965998112022,2,0,0,0,0,0,0.748539668701726,0
86.79154327672057,0,0,0,0,0,0,0.7264822214991284,0
96.79969717240972,1,0,1,1,0,0,1.0,2
74.0825075258956,1,1,0,0,0,0,0.9526147598860311,1
71.67118241395053,0,0,0,0,0,0,0.8981837597473343,0
75.52096442817194,7,1,1,0,1,0,1.0,2
83.31891921295215,14,0,0,0,1,0,0.9271256351985502,2
73.2011689289152,0,3,0,0,0,0,0.8201949982268039,1
86.393129185913,5,0,0,0,0,0,0.861318151558202,0
73.52504776171969,6,0,0,0,0,0,0.6967313118888183,0
66.62966609782865,6,0,0,1,1,1,0.9387223832310793,2
97.90384172055343,8,0,0,0,0,0,0.8332800526311567,0
87.95995373059544,10,0,0,0,0,0,1.0,0
85.44436986147322,1,0,1,1,0,0,0.8760019690434365,2
80.51974760063752,4,2,1,0,0,0,1.0,2
86.31396260909808,1,0,0,0,0,0,0.7214432544609335,0
73.9673408072456,1,1,0,0,1,0,0.8263662899115091,2
78.83463178969043,0,0,0,0,1,0,1.0,2
87.96766643761245,3,0,0,0,0,0,0.7221160724782744,0
80.88822295477094,9,0,1,0,0,0,0.7840711230803338,2
85.94887286435828,6,0,0,0,0,0,0.6092823012275599,0
99.89958891991623,4,0,0,0,1,0,0.6521296346110421,2
75.39154442523196,7,1,0,0,0,0,0.5530511548094903,1
72.4493130260805,20,1,0,0,0,0,0.9680927620334701,1
91.05220785110656,6,2,0,0,0,1,1.0,1
81.85659741253768,0,1,0,0,0,0,0.8815774605241634,1
89.49255007109932,3,0,0,0,0,1,1.0,1
90.93448520161365,3,0,0,0,1,0,0.7851177116880543,2
83.88225468246257,4,0,0,0,0,0,0.7943674371806878,0
93.59224698398847,8,0,0,1,0,0,0.8710236787958334,2
89.48213383010497,0,1,0,0,0,0,0.9500161327496643,1
95.20296391492109,2,1,0,0,0,0,1.0,1
71.147688816362,4,0,0,0,1,0,1.0,2
92.94316596951556,11,1,1,0,0,0,0.5546323899032516,2
83.49688181177675,3,0,0,0,0,1,0.9142820942627353,1
64.71608268203892,0,0,0,0,0,0,1.0,0
74.30892374956771,10,0,0,1,0,0,0.7551367676403753,2
90.67601311755205,3,0,0,0,0,0,0.8058560551308429,0
83.00269563376413,12,0,0,0,0,0,1.0,0
82.99541780914633,3,0,0,0,1,1,1.0,2
80.26270251071077,7,3,0,0,0,0,0.8145365582750789,1
82.37989742218812,0,1,0,0,0,1,0.9802677282576645,1
85.24806617408272,9,2,1,0,0,0,0.9238734308033327,2
81.63838104620689,2,0,0,1,1,0,0.9466787542530258,2
83.28288877406867,0,0,0,0,0,0,0.7649428234804996,0
79.82630360387328,1,1,0,1,0,0,0.9496249782533915,2
73.53670348090989,2,3,0,1,0,0,0.7237546248739293,2
82.86609247937174,1,0,0,0,0,1,0.8405066908485045,1
82.82426355376582,1,0,0,0,0,1,0.9524792224959063,1
81.29162372804915,2,0,1,0,0,1,1.0,2
83.00588721617513,1,0,0,1,1,1,0.9880016724168867,2
91.54251395065914,4,0,0,0,1,0,1.0,2
92.94699344067067,3,0,1,1,0,0,0.5961419241395883,2
90.81111597355294,0,0,0,0,1,0,1.0,2
68.92414839310621,1,1,0,1,0,0,0.8010586002562142,2
95.9872249322781,0,0,0,0,0,1,1.0,1
71.60761614244589,9,3,0,0,0,1,1.0,1
85.95037204116247,11,0,0,0,0,0,0.770002454889481,0
81.65648863060879,3,0,0,0,0,0,0.715800921540573,0
85.79444349540144,10,0,0,0,0,0,0.6882088431132173,0
98.98902696782133,3,0,0,0,0,0,0.8052887235411701,0
59.56178808216067,8,2,0,0,0,1,0.8950876122708724,1
70.76162126997744,6,2,0,0,0,0,0.8215548750144178,1
83.90471483755552,0,0,0,0,1,0,0.9536213710499493,2
100.0,6,0,0,0,0,0,0.8767884314779472,0
75.53271673556307,4,2,0,0,1,0,0.9671841840309535,2
92.67047829866154,11,0,0,0,1,1,0.8296159047902668,2
98.40551748470845,3,0,0,0,1,0,0.925661250051508,2
82.51883952671619,12,0,0,0,0,0,0.8952094267645756,0
74.41081908141943,7,2,0,0,0,1,0.7439675942093997,1
80.41576784244657,5,0,0,0,1,0,0.7485061624887409,2
83.5450459892191,1,1,0,0,0,0,0.908322518453647,1
81.01081502962843,0,2,0,0,0,0,0.7207942848456834,1
84.96262742611461,8,0,0,0,0,1,1.0,1
90.0921030020358,3,1,0,1,0,0,0.8785043024222945,2
85.66540826968222,0,0,0,0,0,0,0.8798269826011741,0
68.99015575877291,1,0,0,0,1,0,0.9223869508183573,2
100.0,5,0,0,1,0,1,1.0,2
84.16732165143746,14,0,0,1,0,1,0.665760626645267,2
85.15261687596467,4,0,0,1,1,0,1.0,2
99.91900679402309,4,0,0,0,0,0,0.8638123315136236,0
87.2596187280314,5,0,1,0,0,0,1.0,2
72.29519564245193,0,0,0,0,0,0,1.0,0
92.1175560509694,3,0,0,0,0,0,1.0,0
72.72211530163437,14,0,0,0,0,0,0.8795995347389728,0
85.77281460941337,10,3,0,1,0,0,1.0,2
79.03740294400241,4,0,0,0,0,0,0.8092580841662536,0
78.49947091812743,0,2,0,0,0,0,0.9485304665117704,1
82.50090457410026,11,1,0,0,0,0,1.0,1
93.68256469111277,9,0,1,1,0,0,0.8623518110888103,2
100.0,5,0,0,0,0,0,0.9663999583025641,0
100.0,7,0,0,0,0,0,0.8615796498721805,0
91.16070587004633,3,0,0,0,0,0,0.7587115525863499,0
100.0,7,2,0,0,0,1,1.0,1
97.89923090429303,3,0,0,0,0,0,0.6859057077174134,0
75.14785092771879,3,0,0,0,0,0,0.6767380791817736,0
79.74088831291922,5,0,0,0,0,0,0.820219159176872,0
100.0,1,0,0,1,1,1,0.8636451154353294,2
78.20542758194091,1,1,0,0,0,1,0.9205362307113378,1
96.8440900024029,6,1,0,0,0,1,1.0,1
91.60383773066481,11,0,0,1,0,0,1.0,2
64.24464487569504,0,0,1,0,0,0,0.9388902718443206,2
82.37955638431467,2,0,0,1,0,0,1.0,2
88.79795503430209,11,0,0,0,0,0,0.9880337252508742,0
80.3629518314597,0,0,0,0,1,0,0.9324440426630918,2
90.48173448177691,3,0,0,0,0,0,1.0,0
86.2673263675443,5,1,0,1,0,0,0.8160421257000563,2
91.73594946344106,4,0,0,0,0,0,0.7823855910464925,0
83.77833253408421,0,0,0,0,0,1,0.8604510412332027,1
95.07494032790751,2,0,0,0,1,1,0.9108222366263992,2
80.28718223267417,0,1,0,1,0,0,0.7077752449068146,2
86.45262595283762,1,0,1,1,0,0,0.6905201940526285,2
95.08009718924146,4,2,0,1,0,0,0.6842968908611345,2
66.44115209941766,7,0,1,0,0,0,0.9978362833245169,2
75.74820959816857,4,0,1,0,0,1,0.8032734353429883,2
92.24329669734972,9,0,0,0,0,0,0.8322665438245815,0
74.89508041268691,7,0,1,0,0,0,0.8900136437346697,2
86.41625733345586,0,0,0,0,0,1,1.0,1
84.58584996706155,7,0,0,0,0,0,0.7038343101396312,0
89.06065760027475,2,0,1,0,0,0,0.6414443029264305,2
92.87371178946606,2,1,0,0,0,0,0.8592482943081645,1
83.94415626104727,4,0,0,1,0,0,0.9724454142260258,2
100.0,14,1,0,0,1,0,0.9739768482583809,2
83.74218685808876,0,1,1,0,0,1,0.9780012712015076,2
74.62226298847312,12,0,0,0,0,0,0.810881424276234,0
85.37838502960203,4,0,1,0,0,0,0.7938351586722174,2
97.12852772269045,14,0,0,0,0,0,0.9543618476843766,0
100.0,8,0,0,0,0,0,1.0,0
71.34765524509575,11,0,0,0,0,0,1.0,0
76.15473718061666,5,1,1,0,0,0,0.7026425898041139,2
87.08213100474704,0,0,0,0,0,0,1.0,0
91.83458180996637,15,0,1,0,0,1,0.9809513237588605,2
76.74724857100193,7,0,0,0,1,0,0.8711848610867833,2
88.61606294024396,2,0,0,0,0,0,0.7596226965112851,0
82.18603560811289,0,0,0,0,0,0,0.65678869146003,0
83.64831439480601,0,0,0,0,0,0,0.7301931753907082,0
98.68284476728714,6,1,0,0,1,0,1.0,2
83.37490350764763,6,0,0,0,0,0,0.8198710938482354,0
81.76972435697871,5,2,0,0,0,0,1.0,1
81.18021870742372,2,0,0,0,0,0,0.840449112312629,0
74.05560045234147,0,0,0,0,0,0,0.9589819077570441,0
70.091742067083,0,0,0,0,0,1,0.8718511016895991,1
83.08087968040905,7,0,0,0,0,0,0.9822995444758916,0
94.95188392922523,0,1,0,0,1,0,1.0,2
81.46784074751866,2,1,0,0,0,0,0.8475483500439871,1
96.3408525713096,4,0,0,0,1,1,0.8549114732319221,2
90.87706822477834,8,0,0,1,0,0,0.9689909381886375,2
87.73437483081375,3,2,0,0,0,0,0.8670399748826666,1
81.91740180046189,0,0,0,0,1,0,0.7915870181230222,2
85.4902759418057,8,0,1,0,0,0,0.9834053079433815,2
85.72226638267068,3,2,0,0,0,0,0.7201578469836512,1
79.63978505999467,8,0,0,1,0,0,0.9888269039152137,2
80.30993469861755,11,1,0,0,0,0,1.0,1
82.72832035801036,3,2,1,1,0,0,0.9906651334564699,2
69.12781583353164,0,0,0,0,0,0,0.8229226542161788,0
100.0,8,1,0,0,0,0,0.9639782553879355,1
100.0,1,0,0,0,0,0,0.9626933073348951,0
80.29213718123171,5,1,0,1,0,0,0.7028828660243485,2
90.20140858614401,11,3,1,0,0,0,0.7550907245060701,2
92.8051692618114,4,2,1,0,0,0,0.800542421485709,2
82.9912130891003,3,0,0,0,0,0,1.0,0
81.35896166936782,8,0,1,0,1,0,0.97309054850602,2
100.0,9,0,0,0,1,0,0.7934473078703218,2
79.72397547818944,4,0,0,0,0,0,1.0,0
99.1698816585738,4,1,1,0,0,0,0.910177161112588,2
82.22051220269178,9,2,1,0,0,1,0.9032288073135708,2
64.26470998916916,8,0,0,0,0,0,0.7847747001258745,0
86.04915523982659,3,0,0,0,0,0,0.860825676819505,0
85.2947651968105,14,1,0,0,0,0,0.8168956643023744,1
85.27994237665952,1,0,1,0,0,0,1.0,2
73.93395985798912,14,0,0,0,1,0,0.7260809315978511,2
89.36306994115938,0,0,0,1,1,1,0.8607834927280547,2
77.34818201587866,4,0,0,0,0,0,0.777501905893907,0
97.71763604764867,0,0,1,0,0,0,0.9297455906434378,2
82.50036099539652,8,0,0,0,0,0,1.0,0
94.8602029105005,14,2,0,1,0,0,1.0,2
94.10484271668263,6,2,0,0,0,0,0.8975976357930189,1
75.2427968526247,14,0,0,0,1,0,0.8390342786154098,2
88.15734380349296,4,1,1,0,0,0,0.8879290685419753,2
82.73429429217467,6,0,0,0,0,0,1.0,0
86.66988790967254,1,1,0,0,0,1,0.905528896727293,1
100.0,8,0,0,0,0,0,0.8784283563527713,0
92.33120319382262,0,0,0,1,1,0,0.8254753407805862,2
96.57407689583331,0,1,0,1,0,0,1.0,2
91.2721687216227,14,0,0,0,0,0,1.0,0
83.27976411179826,0,0,0,0,0,0,0.8596745840688564,0
82.14567095078097,5,0,0,0,0,0,0.9268042404907499,0
92.863935603426,8,0,0,1,0,0,0.9198293892863894,2
79.35951324339004,3,1,0,0,0,0,1.0,1
90.1360944458376,1,0,1,0,0,1,0.7292680539547853,2
88.72343629611821,7,0,0,0,0,0,0.7260163508346928,0
90.74824182616523,2,0,0,0,0,0,0.7608444363572022,0
72.82969615808403,0,0,0,0,0,0,0.8532212747264984,0
75.51477737941278,7,2,0,0,0,0,1.0,1
92.50029712347748,6,1,0,0,0,0,1.0,1
96.79471813221579,15,1,0,0,0,0,0.8236236387375879,1
89.41336471857423,4,2,0,1,1,0,1.0,2
75.53744801864512,2,0,1,0,0,1,0.8661110493498296,2
69.71203303211946,2,0,1,0,1,0,0.7666798420265218,2
95.15261735568417,1,1,1,0,0,0,0.9491545793249152,2
81.98906229225055,4,0,1,0,0,0,0.860867178685078,2
70.09627304394441,5,0,0,0,0,0,0.4696844068914114,1
66.56189053838747,1,1,0,0,1,0,0.9018978284392059,2
93.984145685659,8,0,0,0,0,0,1.0,0
91.09400018089549,8,0,0,0,0,0,0.7344207074697369,0
93.51710726922666,2,0,1,1,1,0,0.921938652102849,2
91.72799228772776,3,0,0,1,0,0,0.7847341989875517,2
95.98687354663184,5,0,0,0,0,1,0.83330298882611,1
78.480346161642,8,0,0,0,0,0,0.6917781484427636,0
85.99606705669821,0,0,0,0,0,1,0.9941625957840713,1
82.20257846019386,1,1,1,0,0,0,0.5721882672723897,2
83.1314318878474,4,1,0,0,0,0,1.0,1
65.91947198771754,6,0,0,0,0,0,0.8140634170442174,0
100.0,2,0,1,0,0,0,0.969124643830878,2
71.63174136754606,9,3,0,0,0,0,1.0,1
100.0,5,0,0,0,0,1,0.8971412402942943,1
88.67691446728624,9,1,0,1,1,0,0.8762545495277337,2
93.21389462901772,0,0,0,0,1,0,0.944293345751832,2
81.86802036030835,7,1,0,1,0,0,0.7367702946424276,2
95.98156046560274,2,0,0,0,0,0,0.9560691711078276,0
73.70683308328492,1,0,0,1,1,1,1.0,2
80.92548951844566,0,0,0,0,0,0,0.7225352737509627,0
74.12023715428697,0,0,0,0,1,0,0.8174282989182683,2
74.1714870826272,11,0,0,0,0,0,0.6433961531387389,0
81.01470501653134,8,0,0,0,0,0,0.7583721008459932,0
64.99670958993778,7,0,0,1,0,0,1.0,2
85.76030015552969,3,0,0,0,0,0,0.8370245314633058,0
94.02967256417769,8,1,0,0,0,0,0.9677405432978609,1
82.44214802423623,5,0,0,0,0,0,0.7716646925339441,0
78.66892400298077,2,0,0,1,0,0,0.9718666977723844,2
71.06698966976313,7,0,0,0,0,0,0.6638599736748119,0
80.78535297376574,5,0,0,0,0,1,1.0,1
74.56964649952414,1,0,0,0,0,0,0.6665325447923385,0
98.54335114982787,0,0,0,0,0,0,0.9290596903624448,0
90.15241135573356,0,2,0,0,0,0,0.8362473272680625,1
88.84528249512056,16,0,0,0,1,0,0.6129275011445555,2
89.37536908708469,4,0,0,0,0,0,0.9150835350541006,0
77.06996135224031,0,0,0,0,0,0,1.0,0
79.87089670509165,2,0,1,0,0,0,0.9468765510267716,2
74.42790021262577,9,0,0,0,0,1,1.0,1
86.2043324677357,7,0,0,0,1,1,0.8515881214245878,2
77.2009624644708,5,0,0,0,0,0,0.906861360550999,0
81.49751574196586,8,0,0,0,0,0,0.8726574861887706,0
95.72803470282881,0,0,0,0,0,0,0.8370991224982798,0
92.02245369359049,10,0,0,0,0,0,1.0,0
80.49523554967699,9,0,1,0,0,0,0.882061914727197,2
85.81887170378761,6,1,0,1,0,0,0.8331769768102568,2
81.90645704713378,5,0,1,0,0,0,1.0,2
90.06276088241344,2,0,0,0,0,0,0.8378386564598583,0
76.28880410471373,7,0,0,0,0,0,0.8696680512713973,0
97.50199991005812,7,1,1,0,0,0,1.0,2
83.06867970469044,3,1,0,0,0,0,1.0,1
90.28856794771569,6,0,0,0,0,0,0.9368331515466466,0
89.66118731474974,7,0,0,0,0,1,0.6740294477483239,1
75.42131741745,6,0,1,0,0,0,0.7035681199840698,2
91.82319159423793,0,0,0,0,0,0,0.6556978473656672,0
80.55304770976582,5,0,0,0,0,0,0.8340290007440386,0
75.89025069068192,9,0,0,0,0,0,0.8849481149025747,0
78.91767101637824,8,0,0,0,0,0,1.0,0
95.34404651639548,3,1,0,1,1,0,0.6972900979034389,2
88.78164905289435,3,0,1,1,0,1,0.8791863865286893,2
87.01877536507604,0,0,1,1,0,0,0.8848622766317933,2
84.43959635147787,0,2,0,0,0,0,0.987428944036884,1
100.0,10,2,0,0,0,0,0.9721190120225229,1
94.165516416933,5,0,0,0,1,0,0.7889421185895622,2
87.45140119526171,3,0,0,0,0,0,0.8996737997568134,0
92.89603656351757,7,0,1,0,0,0,0.8002822712212208,2
82.37795761707856,0,0,0,0,0,0,0.962246495472094,0
76.98008086912061,3,0,0,0,0,0,0.6452824676426568,0
85.30715496068383,0,0,0,0,0,0,0.8742876041676594,0
100.0,4,0,0,0,0,0,0.8411214385557347,0
98.12568196540954,1,0,0,0,0,0,0.9553549020860134,0
69.61209071989144,3,1,0,0,0,0,0.7649625818385231,1
81.76750799378006,0,1,0,0,0,0,0.9839926522352754,1
94.3621533639202,18,0,0,0,1,0,1.0,2
94.40713088727622,10,0,0,0,0,0,0.9871755943064687,0
90.21397062981121,5,0,0,0,0,0,0.9350980511376873,0
84.83225141335463,1,1,0,0,1,0,1.0,2
98.83056070320809,0,0,0,1,0,0,1.0,2
99.7054149081795,0,0,0,0,0,0,0.9705220639759001,0
88.62685781415783,0,0,0,0,0,0,0.967952522795447,0
100.0,4,1,0,0,0,1,1.0,1
86.54601391603009,4,0,0,1,0,0,1.0,2
90.11096844850108,0,0,0,0,0,1,0.9175204610931073,1
88.74868727948268,14,0,0,0,0,0,1.0,0
88.84500365848494,11,0,0,1,0,1,0.8446358547902715,2
92.39656869153121,0,2,0,0,1,0,0.6734466763418718,2
85.51252211965257,9,0,1,0,0,0,1.0,2
76.18767438197179,0,0,0,0,0,0,0.937519340723832,0
86.33814557671998,0,0,0,0,0,0,0.8344012996914965,0
83.88745123334432,0,0,1,1,0,0,0.9097673710313805,2
82.95742289858467,3,1,0,0,1,0,0.812686296339355,2
93.76623113896373,0,0,0,0,0,1,0.7023534796746511,1
100.0,11,0,0,0,0,0,0.8334559011560108,0
92.39375413961983,7,1,0,0,1,1,0.5882838287213823,2
76.16443362897436,10,1,0,0,0,0,1.0,1
82.29353982714753,1,0,0,0,0,0,0.7490965804138467,0
65.77848819943358,0,1,1,0,0,0,0.7655978020302878,2
90.6168902616084,0,1,0,0,0,1,1.0,1
74.86639940704238,3,0,1,0,1,0,0.7521592348138655,2
83.52830859681946,6,0,0,0,0,0,0.8962939402671533,0
93.5722072605564,0,0,0,0,0,0,0.5584617348734282,1
81.83598422442473,10,1,0,0,0,0,0.6723467550677482,1
71.47169902290406,6,1,1,0,0,0,0.9841531601277548,2
88.3519717668299,5,0,0,1,0,1,0.849128195773416,2
81.02168560298429,8,0,0,0,0,0,1.0,0
72.13066454649639,6,0,0,0,0,0,0.9678693605376398,0
80.7481966830027,8,0,0,0,0,0,0.7590950062939285,0
95.45197261174498,7,0,0,0,0,0,1.0,0
67.70532278467961,6,0,0,0,0,0,0.9054072043405353,0
76.53518146335108,7,0,1,0,0,0,0.8677691009563097,2
86.78688173674303,16,0,0,0,0,0,0.8855733853485769,0
81.518645524283,6,0,1,0,0,0,1.0,2
74.04989368061452,0,0,1,0,0,0,0.9728651501366342,2
89.72863353584358,0,0,0,0,0,1,0.9916385575649916,1
75.21917252467269,11,0,1,0,0,0,0.8124328974192282,2
81.90159590718639,11,1,1,1,0,0,0.856462975424942,2
85.64054747682985,10,0,0,0,0,0,0.9126879090539239,0
94.37665443081164,2,0,0,0,0,1,0.8111581617263696,1
88.63627561561033,4,0,0,0,1,1,0.9052102583374204,2
79.98252640880018,9,0,0,0,1,0,1.0,2
77.70609549693394,11,0,0,0,1,1,0.8993386570681122,2
87.86237205123916,1,0,0,0,0,0,1.0,0
96.07905986621081,5,0,0,0,0,0,0.7624358021936373,0
75.58128719887105,2,0,0,0,0,0,0.7442750941360987,0
93.09192155576116,2,0,0,0,0,0,0.6675117852358703,0
64.27085852104653,1,0,0,1,1,0,0.8960572406756586,2
87.00543509060255,0,1,0,0,0,0,0.7195817359822811,1
78.18509848689634,11,0,0,0,0,0,0.9421937214975327,0
94.45571215193971,11,0,1,0,0,1,0.7665180313766619,2
94.20456751272238,12,0,1,0,1,1,0.9369397222704375,2
76.94754223814809,3,0,0,0,0,0,0.9298367094395533,0
88.34711436270882,12,2,0,0,0,0,1.0,1
85.84692464758649,0,0,0,0,0,0,1.0,0
96.87859923213782,9,0,0,1,0,0,0.623733979101186,2
73.74904155894605,5,0,0,0,0,0,1.0,0
72.50814759532444,1,0,0,0,0,0,0.8876096523500744,0
66.12913588113153,0,0,1,1,0,0,1.0,2
75.87505685933985,8,0,0,0,1,0,1.0,2
96.72244779332948,0,0,0,1,0,0,0.7722347607133682,2
83.10870376727675,3,0,0,0,0,0,0.9472529664538166,0
70.79612970429578,9,0,0,0,0,0,0.9548530586681984,0
89.30117945062247,9,0,0,0,0,0,0.8485115665881067,0
89.04813568149251,5,1,0,0,0,0,1.0,1
86.75201639394713,3,0,1,0,0,0,0.7032468224655035,2
83.72637519316267,4,0,1,0,0,0,0.9910274879010519,2
97.70634956793953,0,0,0,0,1,0,0.7493238058528191,2
93.579282054223,11,0,0,0,0,1,1.0,1
96.60226385407343,0,0,0,0,0,0,0.7434934545715283,0
88.50885269353434,5,0,0,0,0,0,0.9582004688792045,0
73.00143050047988,10,0,0,0,0,1,0.8115382238228802,1
93.29965549903775,2,2,0,0,0,0,0.8216381153379009,1
92.59602804315197,6,0,0,0,0,0,0.6165863859747021,0
97.09391112798973,3,0,1,1,0,0,0.8986315546643397,2
73.20141914996626,0,0,0,0,0,0,0.996348741442745,0
80.97682858720957,6,1,0,0,0,0,1.0,1
84.38156280583752,2,3,0,0,1,0,1.0,2
79.35290460724624,5,0,0,0,0,0,0.8190115214414277,0
72.42207111924924,2,0,0,0,0,0,0.9017645244161051,0
83.7039475364997,0,0,0,0,0,0,0.8048822735426753,0
86.78567848316749,1,1,0,0,0,0,0.937240472118105,1
88.68569186103137,9,0,0,0,1,0,1.0,2
86.05030270896565,11,0,1,0,0,0,1.0,2
97.12600090490706,3,0,0,0,0,0,0.8902766047820873,0
97.36978557459922,14,3,0,0,1,1,0.7956540217445226,2
79.73559971578561,9,1,0,0,0,0,0.6492846092655189,1
78.94224600837896,0,0,0,0,0,0,1.0,0
85.69546462284258,0,0,0,0,0,0,0.9617959171798388,0
74.60313611818609,0,0,0,0,1,1,1.0,2
78.13592626904753,3,0,0,0,0,0,1.0,0
92.14204524531569,3,1,0,0,1,0,0.8008914426618148,2
78.58524892497006,3,0,0,0,0,0,0.7409198732029174,0
78.84752391964912,7,0,0,0,0,0,0.8438743754247585,0
94.4116652313644,0,2,0,0,0,0,1.0,1
93.73539826132658,1,0,1,0,0,0,0.8977243156109711,2
79.40338222274598,2,0,0,0,0,0,0.8314860192082731,0
97.91802097723165,6,1,0,0,0,0,0.7761689376704014,1
77.75407753796084,4,1,0,0,1,0,1.0,2
76.98441522564944,1,0,0,0,0,0,0.8903929081792272,0
76.49821250647877,4,1,0,1,0,0,1.0,2
55.36830756937498,3,1,0,0,0,0,0.8443651575872377,1
79.97483508761138,7,0,0,0,0,0,0.9488201947113079,0
100.0,6,0,0,0,0,0,0.814570430401902,0
88.75661336656833,0,0,0,0,0,0,0.7961877898473546,0
96.68794664802604,5,0,0,0,0,0,0.888792566553189,0
91.5131144257636,3,0,0,0,1,0,1.0,2
99.61491380920292,0,0,1,0,0,0,0.9706152297077807,2
98.4753096035913,5,0,0,0,0,0,1.0,0
99.95438098962114,0,1,1,0,0,0,1.0,2
100.0,0,1,0,0,0,0,0.9066386639662045,1
94.93902744146752,13,1,0,1,0,0,0.9266648089377932,2
82.26370635892673,3,0,0,1,0,0,0.7097671983705008,2
75.82081226435949,2,1,0,1,0,1,0.7551926900966235,2
76.20007166289678,7,0,0,0,0,0,0.8538372997086908,0
70.28563245924951,6,0,0,0,0,0,0.7479521598537581,0
85.14765864741376,15,0,0,0,0,0,0.8997250447327255,0
84.71340378166798,11,0,0,0,0,0,0.7786239578447243,0
90.53457930824432,0,0,1,1,0,1,1.0,2
87.14069375077833,1,1,1,0,0,0,0.8711164781949203,2
88.79563172066536,10,0,0,0,0,0,0.9434255862509993,0
91.23796186304322,11,1,0,0,0,0,0.6817764922927787,1
90.07770991752072,0,2,0,1,1,0,0.8766077420305907,2
100.0,3,1,0,0,0,0,0.9292724675472468,1
78.25003668295922,1,1,0,0,0,0,0.9573270134678086,1
73.44579956076186,0,1,0,1,1,1,0.8864345595189158,2
64.87349604541544,11,2,1,0,1,1,0.9910890803936443,2
78.91258933907557,9,1,0,0,0,0,0.8795047372035217,1
83.35612742738036,0,1,0,0,1,0,0.8227698000140538,2
84.66639600782283,0,0,0,0,0,0,1.0,0
87.50995040893308,4,1,0,0,1,1,1.0,2
100.0,5,0,0,0,0,0,0.6293435661630982,0
98.13332736938331,10,0,0,1,0,0,0.9611487660180131,2
78.55010178960107,3,2,0,0,0,0,0.9390771523952329,1
97.50344940787657,3,0,1,0,1,0,0.8718853011150229,2
77.36811991445113,7,0,0,0,1,0,0.6790276380366728,2
76.6603975520605,9,0,0,0,1,0,0.8405014344638598,2
75.98277749384255,7,2,0,0,0,1,0.9501430125885385,1
92.3894185207688,7,0,0,0,0,0,0.9690273948992493,0
100.0,2,2,1,0,0,0,1.0,2
94.82772804020526,1,0,0,0,0,0,0.7792185567222697,0
86.88714991625409,0,2,1,0,0,0,0.905810876300147,2
94.32556531255557,12,1,0,0,0,0,0.9349776213719343,1
81.28904933864938,4,0,0,0,0,1,0.9820269324788724,1
87.60014909247111,1,2,0,0,0,1,1.0,1
95.45709855121177,1,0,0,0,0,0,0.7681538354292183,0
78.64315281189849,3,0,0,0,0,0,0.7507912267245389,0
100.0,0,1,0,0,0,0,0.6308690654324565,1
82.43943890173686,5,1,0,0,0,0,0.9499073441920198,1
87.49621448268294,5,2,1,1,0,1,0.8212639947422151,2
76.5610288613898,0,0,0,0,0,0,0.741743882175589,0
72.51851601957077,2,0,0,0,0,0,1.0,0
86.79294577170828,14,0,0,0,0,0,1.0,0
82.74819565956047,0,0,0,0,0,0,1.0,0
68.8510412481554,0,0,0,0,0,1,1.0,1
88.5778026693624,4,0,0,0,0,0,1.0,0
76.49447234604028,9,0,0,0,1,0,0.9208813473921581,2
84.89256160015971,8,1,1,0,0,0,1.0,2
82.80858342181918,7,1,1,0,0,0,0.6734462642608257,2
77.8206664163517,6,1,0,0,0,0,0.7194140560343074,1
72.85416883612815,5,1,0,0,0,0,0.8086374972784198,1
100.0,8,0,0,0,0,0,0.7099866518543675,0
72.17126903163356,9,0,1,0,0,0,1.0,2
93.93173417932191,2,0,0,0,0,0,0.9595750683435822,0
75.39492905679674,0,0,1,0,0,0,0.965927411494191,2
100.0,11,0,1,0,0,0,0.9263010918489623,2
85.73054692365162,5,0,0,0,0,1,0.9621273137993486,1
75.66214582864824,2,1,0,0,0,0,0.992134723124674,1
80.02349921287275,8,0,0,0,1,0,1.0,2
78.04006833838133,0,0,0,0,0,0,0.6227632364764342,0
100.0,1,1,0,0,1,0,0.8383597866680403,2
80.65822931064197,1,1,1,0,0,0,0.695763605395222,2
76.07075362812127,3,0,0,0,0,0,0.7140368091087054,0
97.92209217095427,8,0,0,0,0,1,0.6088988868104385,1
75.21071158001365,6,0,0,0,0,0,0.8347250819995126,0
85.3355545202069,0,0,0,0,0,0,0.9609400956815066,0
75.66838740700136,2,2,1,1,0,0,0.8910753683493112,2
90.43805975920895,9,0,0,0,1,0,0.9459823204768244,2
74.1192540954039,9,0,0,0,0,0,0.9882149019956654,0
99.78101255613794,0,0,0,0,0,0,0.6320699967088383,0
72.45840122395644,2,1,0,0,0,0,0.9631600118710022,1
86.87862580530026,7,0,1,0,0,0,1.0,2
88.667907126038,2,2,0,0,0,1,0.797525599480983,1
83.37429191877987,6,0,0,0,1,1,1.0,2
91.04398162847548,4,1,1,0,0,0,0.9356869250734674,2
91.25618671796143,1,1,0,0,0,0,0.9275066454348844,1
87.19517712814151,7,1,0,0,0,1,0.7875353838628181,1
95.95886768984204,9,1,0,0,0,0,0.8896995469889368,1
92.47680016019056,5,2,0,0,0,0,0.8754684588748868,1
99.3342717680835,6,1,0,0,0,0,0.8680471361483941,1
81.52011125907477,7,0,1,0,0,0,0.9030697614378915,2
100.0,13,0,0,0,1,0,1.0,2
75.57127294613481,0,0,0,0,1,0,0.8918764249000921,2
93.6096756968899,7,1,0,0,0,0,0.9190719241553689,1
78.83233257163883,5,1,1,0,0,1,0.9483230891962485,2
75.11952649070132,11,0,1,0,0,0,0.7757003225224282,2
71.25394935296556,3,1,0,1,1,0,0.9054328207598018,2
99.93336991055824,1,0,0,0,0,0,0.7692637903342208,0
96.80829814559198,2,0,0,0,0,0,0.8610698023263285,0
100.0,6,0,0,0,0,0,0.8215572288117785,0
84.08707461122276,0,0,0,1,0,1,0.7461362489957409,2
84.14990618468569,8,1,1,0,0,0,0.7886762578687613,2
70.14603641133444,0,0,0,1,0,1,0.7336892781008433,2
87.2539988157845,16,0,0,0,0,0,0.9768619878938372,0
86.24359314951015,5,0,1,0,0,0,1.0,2
97.88778974704194,0,0,0,0,1,0,0.6685547410937356,2
76.8622402604457,0,0,1,0,0,0,0.9034972642790853,2
90.48660173298833,14,0,0,1,0,1,0.8211352111753938,2
88.16292756115618,2,0,0,0,0,0,0.9675875367329977,0
84.15282305534346,8,0,1,0,0,0,0.9702059038812312,2
91.4224751898018,12,1,0,0,0,0,0.7476758783615867,1
84.52322383587169,11,0,0,0,0,0,1.0,0
90.43567437836373,11,0,0,0,0,0,0.8828549896735509,0
79.03476377061774,5,0,0,0,1,0,0.9687982715440738,2
84.1740877680091,0,2,0,0,0,0,0.7054354161342289,1
64.42045136535205,10,0,1,0,0,0,0.9619642456320762,2
90.35777493064876,11,0,0,0,0,0,0.9774135363347362,0
94.69902541035064,6,0,0,0,0,0,0.7639172779242078,0
74.6252574527695,9,0,0,0,0,0,0.7523012923059715,0
94.3119758217066,12,0,0,0,0,1,0.8163583491171523,1
82.42411718393771,2,0,0,1,0,1,0.8681759605076713,2
88.4468558134807,7,0,0,0,0,0,1.0,0
87.9918640147105,14,2,0,1,0,0,0.9839124188299211,2
94.55262604633627,9,2,1,0,0,0,0.948788713238658,2
87.04400019145575,0,1,0,0,0,0,0.7456714787348633,1
85.73037272447293,11,3,0,0,0,0,0.7190668109038688,1
81.48324139599009,5,0,1,0,0,0,1.0,2
85.57007164782968,3,0,0,0,0,0,0.9422836542313388,0
90.88556946594592,4,0,0,1,1,1,1.0,2
85.28833831078717,0,0,0,0,0,0,0.9722717243710748,0
95.11422582086905,0,1,1,1,0,1,0.7971199508180387,2
80.78668962260873,12,0,0,0,1,0,0.9968034739999019,2
90.27479015812844,0,0,0,0,0,1,0.6986965438823148,1
79.36867495048304,7,0,1,0,0,0,0.6197627886983377,2
83.57050414552182,15,0,0,0,0,0,0.7830599244981359,0
89.38541359761886,3,0,0,0,0,0,1.0,0
89.58438319777134,10,0,0,0,1,0,1.0,2
94.87725286789114,6,0,0,0,0,0,0.9753309857407928,0
82.2538493780605,5,0,0,1,1,1,0.8442776915027855,2
73.86631612901454,3,1,0,1,0,1,1.0,2
66.6140287757429,7,2,0,0,1,0,1.0,2
85.41034591763928,10,1,0,0,0,1,0.9988162993372321,1
100.0,15,0,0,0,0,0,0.9926685563881382,0
72.6197825762298,3,1,0,0,1,0,0.8033906060068949,2
75.90720418391636,2,0,0,0,0,0,0.6385977281581076,0
83.26908906256543,1,0,0,0,1,0,0.9962689457162264,2
91.15527064917967,0,1,0,0,0,0,0.867646065394591,1
83.95413642301817,16,2,0,0,0,1,0.7852145354047488,1
96.42864263934311,1,0,0,0,0,0,0.7318919658979819,0
78.44299570918027,0,0,0,0,1,1,1.0,2
88.68296435674537,3,0,0,0,0,0,0.9168497971040616,0
87.0610267017518,0,0,0,0,0,0,1.0,0
80.52791865456,1,0,0,0,1,1,0.8348764775131816,2
80.531581026351,4,0,0,0,0,0,0.7198665650962279,0
66.78502646118432,4,0,0,0,0,1,0.7213485566031028,1
93.40203346223414,3,0,1,1,1,1,0.6914454448427387,2
92.47263908434692,3,0,0,0,0,0,0.9879819512039002,0
90.34543958742721,7,0,0,0,0,0,0.9367294592090817,0
89.0082796006488,5,1,1,0,0,0,0.6702835515131482,2
98.89047694317145,4,1,1,1,0,1,0.6921654985286341,2
81.73174753703876,0,1,1,0,0,0,0.8717408862223524,2
96.36168746165691,0,0,0,0,0,0,0.7849388817651597,0
83.59088686923813,3,0,0,1,0,0,1.0,2
75.4858932662411,7,1,0,0,0,0,1.0,1
83.40232245893495,2,2,0,0,0,0,0.8367106222201285,1
79.80827342327463,10,0,0,0,1,0,0.8589315111834909,2
84.4756235920105,0,0,1,0,0,0,0.9350934449581041,2
94.8468523672502,0,0,0,0,0,0,0.7609256837270733,0
100.0,0,0,0,0,0,0,0.7963228241162948,0
63.136814924745,7,0,0,0,0,0,0.8072756183958062,0
93.68127787357767,0,0,0,0,0,0,1.0,0
100.0,6,0,0,0,1,0,0.711311665586204,2
87.44785608323346,9,0,0,0,0,0,1.0,0
87.13193680376027,15,0,0,0,0,0,0.8045927883115715,0
100.0,4,0,0,0,0,0,1.0,0
86.9107510916191,4,0,1,0,0,0,0.871986581948341,2
90.81489189700793,1,0,1,0,0,0,0.8417317081817264,2
88.53105941063272,0,0,0,1,1,0,0.8364959236989368,2
89.23116734492977,0,0,1,0,0,0,1.0,2
86.04606456494761,0,0,0,0,0,0,0.953962848747528,0
87.94518507202892,7,0,0,0,0,0,0.8880546469269176,0
73.10234105537906,2,1,0,0,1,0,0.8334364387542779,2
87.95912342463001,12,0,0,0,0,0,0.9353716040778978,0
81.62849004405257,15,1,0,1,0,0,1.0,2
83.75567808278448,6,0,0,0,0,0,0.9434208275390932,0
77.9108923884444,7,1,0,0,0,1,0.8874466577757922,1
100.0,6,0,0,0,0,0,0.7313956967928733,0
62.06189595467539,0,1,0,0,0,0,1.0,1
73.6801843654757,1,0,0,1,0,1,0.7074863588661969,2
78.14846686191241,0,2,0,1,0,0,0.8064124585005452,2
90.43237590732078,6,0,1,0,0,0,0.8866877949568095,2
74.16422784301307,3,0,0,0,1,0,1.0,2
77.0878816548929,9,2,0,0,0,0,0.6089569314970587,1
73.0682245107422,0,0,0,0,0,0,1.0,0
79.89180588135135,9,1,1,0,1,0,1.0,2
76.17934637483042,0,1,0,0,0,0,0.934919106741489,1
94.5225647645328,3,0,0,0,0,0,1.0,0
81.86710393969615,14,1,0,0,0,1,0.8597902918057271,1
73.16265039560706,6,0,0,0,0,0,0.7258942903565981,0
80.08580946466068,3,0,0,0,0,0,0.9486115857962043,0
95.12233045618939,11,0,0,0,0,0,0.951680374330928,0
73.0800971255065,0,1,0,0,0,0,0.7677744488043625,1
94.33465182978382,7,0,0,0,0,0,1.0,0
93.84639023926766,0,1,1,0,1,0,0.9524060060111297,2
93.25109709995948,7,3,0,0,0,0,0.8380513087718049,1
77.2951736655738,0,0,1,0,0,0,0.8691922772218135,2
76.74176290097833,0,0,0,0,0,0,0.8123620668037139,0
73.41021405503564,1,0,1,1,0,0,0.9021063857682531,2
78.50399247794955,0,0,0,0,1,0,0.675466384482546,2
73.76961653261705,0,0,0,0,0,0,1.0,0
86.74958728197372,10,0,1,0,0,0,1.0,2
85.35444994980371,2,3,0,0,0,1,1.0,1
58.70419820047454,3,0,0,0,0,0,0.9437691033299656,1
75.0932784172792,9,0,0,0,0,0,0.6816367689454422,0
65.72477270368636,6,0,0,0,0,0,0.9050773190251966,0
93.39762488774703,0,1,0,0,0,0,0.8023218101967295,1
100.0,9,0,0,0,0,0,0.9347712461904861,0
91.66218363081968,7,1,0,0,0,1,0.7365576807475696,1
90.24421639788919,1,0,0,0,0,1,1.0,1
84.70293583785575,11,2,0,0,0,0,0.9876103320390617,1
99.94897978402963,0,0,0,0,0,0,0.9651050012680531,0
74.36941144286982,10,1,0,0,1,0,0.7987469121959397,2
91.80474141273329,10,1,0,0,0,0,0.6930083320030436,1
91.18708373753256,0,0,0,1,0,0,0.595944636863099,2
81.22522592755469,0,0,0,0,0,0,0.6150644448167265,0
76.63920204813456,4,0,1,0,0,0,0.7886372919138503,2
94.49422149197554,0,0,0,0,0,0,0.892107333244409,0
93.52765661718965,5,1,1,0,0,0,0.8165243907676242,2
86.32178722504672,7,0,0,1,0,1,1.0,2
84.79037612186549,2,1,0,0,0,0,1.0,1
92.78673280408258,7,0,0,0,0,0,0.5901960115397276,1
91.12036121071898,14,0,0,0,0,0,1.0,0
86.67109217638867,8,0,1,0,0,1,1.0,2
78.79675342664743,7,1,0,1,0,0,0.6459974741817145,2
91.80710356238136,3,0,0,0,1,0,0.8443523632557739,2
85.07515960624075,0,0,0,0,0,0,0.6660803328987916,0
64.14113409773564,5,0,0,0,1,0,0.9741783864082249,2
100.0,6,0,0,1,0,1,0.9319650746067498,2
92.4270575285257,1,1,0,0,0,0,0.84965482829066,1
75.94614772614715,0,0,0,1,0,0,0.8837972811944502,2
88.80997830233463,8,0,1,0,0,0,0.8946921654120139,2
88.3157979794945,0,0,1,0,0,0,0.8835563423491436,2
79.4310381453985,8,1,0,0,0,0,0.8606819428238807,1
72.31220298797693,5,0,0,0,0,0,1.0,0
74.3543950300766,0,0,0,0,0,0,0.7380394701864716,0
100.0,4,0,0,0,1,0,0.9441454099157729,2
93.85653306678418,5,0,0,0,1,0,0.7541143388953757,2
87.1492908364852,0,1,0,0,0,0,0.9462274416456281,1
83.53328518527178,6,0,1,1,0,0,0.8868242048813633,2
88.4724849736022,0,0,1,0,0,0,0.788321039766519,2
92.87578811564151,5,0,0,0,0,0,0.9400859864026997,0
92.04141127529046,0,0,1,0,0,0,0.8453937021337933,2
95.29279831818836,5,1,0,0,1,0,0.9248897108080522,2
79.16789400327444,2,0,0,0,1,0,0.9204803596351956,2
85.42118804887377,0,0,1,0,0,0,1.0,2
65.31692103952018,0,0,0,1,0,0,1.0,2
97.52151630502995,0,0,0,0,0,0,0.8574515951889241,0
75.91261970127374,9,0,0,0,0,1,0.5528635929197336,1
92.16857200439544,5,0,0,0,0,0,0.8965640463836794,0
86.82305257241747,3,0,1,1,0,0,0.9667298019631683,2
93.26237453835343,2,1,1,0,0,1,0.5542774603877743,2
65.19853935474566,10,0,0,0,0,0,0.8969196705021248,0
87.1557188529518,0,0,1,0,0,0,0.9810962475790229,2
100.0,2,0,0,0,1,0,0.8993658442905315,2
90.3944963060026,11,0,0,0,0,0,0.6990875540481547,0
95.92508539467775,9,0,0,0,0,0,1.0,0
100.0,0,0,1,0,1,0,0.7780671849241778,2
69.0387014253837,7,0,0,1,0,0,0.9942259525994668,2
81.21929522060525,6,0,0,0,0,1,1.0,1
100.0,2,0,0,0,1,0,0.8485209187058262,2
75.78800515751425,11,0,0,0,0,1,1.0,1
88.01370241830135,5,1,0,1,0,0,0.7738043741993847,2
83.8826783848169,5,0,0,0,1,0,0.8377880294775163,2
92.44042680188633,6,0,1,0,1,0,0.8850479726906146,2
92.04668860907684,0,0,0,1,0,0,1.0,2
80.05090971217155,5,1,0,0,0,0,0.9670795764627125,1
92.77246655079924,4,2,0,0,0,0,0.8498123625954896,1
88.60343141253631,10,2,0,0,0,0,0.7942514733105541,1
80.39338899596262,6,0,0,0,0,0,0.9401421311404607,0
80.1388257755727,3,0,1,0,0,0,0.8630663971906888,2
69.67908609489818,3,0,0,0,1,0,1.0,2
68.777811716957,0,0,0,0,0,0,1.0,0
72.88822849912586,0,0,0,1,0,1,0.7391258756098542,2
100.0,9,1,0,0,0,0,1.0,1
92.04443595234663,0,0,0,0,0,0,1.0,0
83.65847329043147,10,0,1,0,0,0,1.0,2
93.97590769454685,6,0,0,0,0,0,0.8486452282527626,0
94.17255927302413,1,0,0,0,1,0,1.0,2
92.07073359389764,10,1,0,0,0,0,0.7446894037475049,1
76.56024738582566,0,0,0,1,0,0,0.9072493359183672,2
95.78047444555418,8,0,0,0,1,1,0.8810525398793015,2
84.09751594192485,2,0,0,0,0,0,0.7571107799710336,0
97.22579419199484,8,0,0,0,0,0,0.9799178106226577,0
92.50971406665089,9,0,0,0,0,1,0.9271671938326899,1
93.37987646978254,0,0,0,1,1,0,1.0,2
76.89541897737224,2,0,1,0,0,0,1.0,2
90.7464478505334,13,0,0,0,0,0,0.7436236889658152,0
67.83563217570088,11,0,0,0,0,0,0.7786476485087839,0
80.60636699248242,2,2,0,0,0,0,0.8391427584165152,1
89.21767084528578,8,0,0,0,0,0,0.7243672700387007,0
73.42822626647354,5,0,0,0,0,0,1.0,0
91.2904852770534,0,0,1,0,0,0,0.5688455373379349,2
78.37409097792494,0,1,0,0,0,1,0.9404386928322502,1
99.63018379939169,7,3,0,0,0,0,0.6943044444917137,1
86.57326354509462,4,0,1,0,0,0,1.0,2
100.0,0,0,0,1,0,0,0.8146652420656102,2
85.25595955922934,3,0,0,0,1,0,0.9862725618580659,2
87.05035776831308,16,1,0,0,0,0,0.7159887813529037,1
96.35784617404617,5,2,0,0,0,0,0.8913893693926231,1
100.0,0,0,0,0,0,0,0.6863338469580436,0
100.0,6,0,0,0,0,0,0.9539040670355011,0
88.9557589519758,1,1,0,0,0,0,0.8886006542800264,1
82.88708745546526,12,0,1,0,0,0,1.0,2
80.62824465543412,9,0,0,0,0,0,0.96452496391692,0
100.0,2,1,0,0,0,0,0.8373747586514412,1
85.99628370000639,0,2,0,0,0,0,0.831270853790693,1
97.06003467561985,0,0,0,1,0,0,0.6885584691502546,2
74.77922296930197,5,0,1,0,0,0,0.8707791757207716,2
59.17446266415139,1,0,0,0,0,0,1.0,1
78.01885534765785,0,0,0,0,1,0,0.9866457525019813,2
81.44620600679133,4,0,0,0,0,1,0.8815478317177636,1
86.31512779272289,8,3,1,1,0,0,0.9260529443044228,2
97.20287962989876,10,2,0,0,0,0,0.5722434899049317,1
93.13622680435995,4,0,0,1,1,0,0.8178159122612552,2
91.76939475350405,3,0,0,0,1,0,0.7826076669390664,2
75.2925015084802,0,0,0,0,0,0,0.5446599726145602,1
92.43498186495358,2,2,0,1,0,0,0.6339238333911068,2
81.86847899710394,1,0,0,0,0,0,0.6370518093807751,0
66.90683749636602,9,0,0,0,0,1,0.9708354195468509,1
96.38235239610054,0,0,0,1,0,1,0.6583937200526424,2
94.78801209051481,12,0,0,1,1,0,0.877476225804485,2
88.44631999151682,3,0,0,0,0,0,0.680395856415198,0
77.69506440128372,5,0,0,0,0,1,1.0,1
70.31776043591734,0,0,1,0,0,0,0.8135469819412553,2
85.4060364413695,5,0,0,0,1,0,1.0,2
90.94227210068625,8,0,1,0,0,0,0.7148726129834363,2
78.33471781597271,5,0,0,0,0,0,1.0,0
100.0,0,0,0,0,0,0,0.9197266688483816,0
94.33324970949388,6,1,0,0,0,0,0.7964243284917981,1
66.40597785941765,0,0,0,0,1,0,0.8419464124360808,2
75.92324159453024,6,0,0,0,0,0,0.7163323379937927,0
94.8309628297776,2,0,1,0,0,0,0.844038338691246,2
94.93549755527658,5,0,0,0,0,1,0.8798041568489909,1
62.96679898021319,0,2,0,0,0,0,1.0,1
95.4447011815457,5,0,0,0,1,0,0.9277699519672016,2
81.89213000268683,1,0,1,0,0,0,1.0,2
79.6465444701994,14,0,1,0,1,0,0.8742144193052394,2
81.49771658984298,8,1,0,0,1,0,1.0,2
86.99610999658688,0,1,1,1,0,0,1.0,2
76.40906521828047,3,2,0,0,0,0,1.0,1
100.0,0,0,0,0,0,0,1.0,0
79.49943683969735,9,0,0,0,0,0,1.0,0
97.07730651157523,1,0,1,0,0,0,0.9556946238322068,2
100.0,8,1,0,0,0,0,0.5114654655983047,1
80.65627302971774,0,0,1,0,0,0,1.0,2
94.76547258860259,3,1,0,0,0,0,0.8570213695088866,1
72.23680829134298,11,0,0,0,0,0,1.0,0
91.56467175286868,0,0,0,0,0,0,1.0,0
87.6409235036374,5,1,0,1,1,0,1.0,2
100.0,7,0,1,0,1,0,0.7575948285063654,2
93.38228875505845,7,0,0,0,0,0,0.739121372782066,0
87.77619475306676,0,1,0,1,0,0,1.0,2
84.21876649817864,0,0,0,0,1,0,0.6410678408784708,2
81.72973227755166,0,0,1,1,0,0,0.9573330122071586,2
89.42936596975605,0,0,0,1,0,0,1.0,2
91.71825627930919,0,0,0,0,0,0,0.7899205963659961,0
79.80008471289227,0,0,0,0,1,0,0.7750959256691344,2
90.71811210839748,3,0,0,0,0,1,0.8918895462059727,1
86.3081240289375,11,0,1,0,0,1,0.7693459983463712,2
97.11238376930008,3,1,0,0,0,0,0.8470621012816881,1
66.927931440777,2,0,0,0,0,0,0.7028771410964778,0
97.14127492281145,13,1,0,1,1,0,0.9180354891043699,2
83.15789062516683,7,1,0,0,0,0,0.9707715938781893,1
72.92303941882113,2,0,0,0,0,0,0.7693589980943951,0
100.0,12,0,1,0,0,0,1.0,2
87.26794434957004,2,1,0,0,0,0,0.7761406443839296,1
87.60942522078771,13,1,0,0,0,0,0.8020830640797595,1
75.46504086861837,9,2,0,0,0,0,0.9872907809156468,1
89.72104590833594,6,0,0,0,0,0,0.8326471761978175,0
76.11443256278596,3,0,0,0,0,0,0.8581378556008524,0
83.45588258711794,9,0,0,0,0,0,0.7422351150142229,0
100.0,10,0,0,0,1,1,0.7828332862203365,2
100.0,8,0,0,0,0,0,0.9430770923949815,0
95.24573475015319,11,0,1,1,0,0,0.78807048689034,2
79.62514997406774,0,1,0,0,1,0,1.0,2
74.06155567470346,4,0,0,0,1,1,0.920953666645435,2
95.19026638415623,1,0,0,0,0,0,0.7001919426442116,0
92.31492950836794,2,0,0,0,0,0,0.7019687692607014,0
87.02957955879594,2,0,0,0,0,0,0.667702313318526,0
72.06741003405347,0,0,0,1,0,0,0.955760459426591,2
91.26278970481245,9,0,0,0,0,0,0.8280757270760841,0
85.30676507643005,5,0,0,1,0,1,0.6167195457570784,2
83.22929040758673,6,0,0,0,0,0,0.8479809811673116,0
71.87871275983532,0,3,0,0,0,0,0.8987428240887635,1
100.0,1,0,0,0,0,0,1.0,0
74.98378336707208,10,2,1,0,1,0,0.8454581471605729,2
100.0,0,2,0,0,1,1,0.7066290657769765,2
83.91934009377643,6,1,0,0,0,0,1.0,1
76.99940013553399,10,0,0,1,0,0,0.876228368750038,2
80.40462669684811,5,2,0,0,0,1,0.9156732186048981,1
100.0,6,0,0,0,0,0,1.0,0
61.45661982071033,4,0,0,1,0,0,0.9787802027885646,2
74.8029055609182,3,0,1,0,0,0,1.0,2
90.25885417993818,11,0,1,0,0,0,0.7964937132188499,2
87.61328461728709,5,0,0,0,0,0,0.9878126614722482,0
99.48052028208238,0,0,0,0,0,0,0.7946062678631391,0
90.11604919622783,0,1,0,0,0,0,0.8574730813121192,1
100.0,2,0,0,1,0,0,0.9626451253208803,2
69.51019513714729,15,0,0,0,0,0,1.0,0
75.05776314476509,2,0,0,0,0,0,0.9006191893309778,0
85.26439945957526,3,1,1,0,0,0,0.9956710260014384,2
84.22599834500475,10,2,0,1,0,0,0.7665735260596654,2
86.44919226356133,10,0,0,1,0,0,0.9973036714462883,2
64.71909240259747,5,1,0,0,1,0,0.9298172687722275,2
89.5675702872071,5,0,0,0,0,0,0.8817787048646052,0
90.29615777542375,4,3,0,0,0,0,0.7343170402222545,1
65.69542384114305,0,0,0,0,0,0,0.7654185930917513,0
62.85469901323992,7,0,0,0,0,0,0.8424578891015101,0
63.40116974471842,16,2,0,0,1,0,0.9378111190767341,2
87.8050360568564,11,0,1,0,0,0,0.8355644727873953,2
73.14371363774075,0,0,0,1,0,0,0.883979078159324,2
79.8303299931734,7,0,0,0,0,0,0.7300107444562642,0
84.77343259588788,2,0,0,1,0,0,0.8893820646000188,2
81.84964136477751,3,1,0,0,1,0,0.891470361161837,2
85.69286053474315,6,0,0,0,0,0,0.7194656652495028,0
77.37734374387479,1,0,1,0,0,0,0.8680037620772335,2
79.33329603735719,2,0,0,0,0,0,1.0,0
72.95222690208915,12,1,0,0,1,0,1.0,2
71.28035388726359,9,0,0,0,0,0,1.0,0
85.93335991114697,0,2,0,0,1,0,0.8257256784206548,2
77.41074613993104,8,0,0,0,0,1,0.7757050934111922,1
85.05324509188372,4,1,0,0,0,0,0.7736295482041877,1
76.95953676882027,4,0,1,0,0,1,0.7405195814349507,2
100.0,0,0,1,0,0,0,0.8886377082358814,2
69.6554101441357,0,0,0,0,0,0,1.0,0
59.33346941718836,2,0,0,0,0,0,0.5897945582470716,1
86.17011187747845,4,2,0,1,0,0,0.9366318849954401,2
98.70113790667095,5,0,0,0,0,0,1.0,0
85.45124119160533,2,1,0,1,0,0,0.9154363206088432,2
81.94086168358923,0,0,0,0,0,0,1.0,0
90.76371487365485,14,0,0,0,0,0,1.0,0
84.22193548218668,11,3,0,0,0,0,1.0,1
82.4599743620112,7,0,0,0,0,0,0.7967472305302764,0
93.33200098150932,1,3,1,0,0,0,0.8706063017608038,2
80.40982329766588,5,0,0,0,0,0,0.6992423322676806,0
86.95328163460138,7,1,0,0,0,0,0.9559311442834224,1
91.65304656034604,15,1,1,0,0,1,1.0,2
88.0108780789649,4,0,1,0,0,0,0.9162191741539554,2
86.37097397566728,8,0,0,0,0,0,0.8718838143237426,0
58.53543057551441,7,0,0,1,1,0,1.0,2
93.71811607135405,8,0,0,0,0,0,0.8672347204076737,0
73.02071154193038,2,3,0,1,0,1,1.0,2
73.1524274836131,3,0,0,0,0,0,0.9411657616892565,0
92.38178049096028,12,0,1,0,0,0,0.7789453980100556,2
100.0,10,1,0,0,1,1,1.0,2
75.0410425110071,3,1,0,0,0,1,0.7241182950924028,1
86.00780089253732,3,0,0,1,0,0,0.8240676423614213,2
100.0,0,0,0,0,0,0,0.7334228200951314,0
70.55304121055678,9,0,0,0,0,1,0.8248803026428317,1
100.0,5,1,0,0,1,1,0.744085182066587,2
85.23236817154967,2,0,1,0,0,1,1.0,2
100.0,0,0,0,0,1,0,0.8311679862507569,2
90.66519461764099,0,0,0,0,0,0,1.0,0
83.99380045582973,4,1,1,1,0,0,0.8416701629025154,2
82.42083948663168,0,0,0,0,0,1,0.9198823392741544,1
87.67414754847586,8,1,0,0,1,0,1.0,2
79.48762448969654,4,2,1,1,0,0,1.0,2
66.73072708233592,0,0,0,0,0,0,0.8384724724326817,0
93.64596568669192,1,0,0,0,0,0,0.8821648265340857,0
68.02394827283271,16,2,1,0,0,0,0.6198361831233037,2
87.21541649726312,4,0,0,0,0,0,0.9849988665387722,0
91.63425932859471,0,0,1,0,0,0,0.8631917586437973,2
83.95861185980002,11,1,1,0,1,0,0.9557728345315154,2
100.0,7,2,1,0,1,0,0.9518656945827937,2
86.68803797342375,2,0,0,0,0,0,0.7831793417144071,0
78.52852639048673,8,0,0,0,0,0,0.7326663257281661,0
79.06956612691847,10,1,0,1,0,0,0.8973863164878697,2
82.36970127095204,7,1,0,0,1,0,0.989814666245451,2
77.84806822181922,4,0,1,0,0,1,0.9017452615893077,2
91.1109804947268,2,0,0,0,0,0,0.6676913434228405,0
74.17628882947484,0,0,0,0,0,0,1.0,0
84.5250488902867,3,0,1,1,0,0,0.6841546302529601,2
79.29582728508413,8,0,0,0,0,0,1.0,0
97.60690436578938,9,0,0,0,0,0,0.9372767939781237,0
72.35101282710781,6,2,0,0,0,0,0.9785387272470926,1
91.35453490528126,8,0,0,0,1,0,0.8451318835672482,2
79.03705077796187,0,0,1,1,0,0,0.8732513215600175,2
96.91602423990871,8,0,0,1,0,0,0.9950872994331069,2
82.02871799634195,9,0,0,1,1,0,0.9167535273736315,2
72.52909340462666,4,0,0,0,0,0,0.972644629725194,0
100.0,6,1,0,0,0,0,1.0,1
100.0,16,0,0,1,0,1,0.663498659315339,2
97.06649466652563,8,0,0,0,0,1,0.679871825719192,1
89.35847739673179,3,0,0,0,0,0,1.0,0
88.84318339166869,0,0,0,0,0,0,0.8587524462549825,0
86.75481979541452,10,0,0,0,0,0,0.7299031736963751,0
84.5711664298371,4,1,0,0,0,0,0.8376579651116793,1
88.52895864878032,0,1,0,1,0,0,0.9343529908597875,2
85.07245245185746,0,1,0,0,0,0,0.8405825963159195,1
84.72798432692886,0,0,0,0,0,0,0.9823173854468319,0
73.72311354373454,0,0,0,0,0,1,1.0,1
88.0553788510203,6,2,0,0,0,0,0.9318559851714432,1
72.20957286533437,2,2,1,0,1,0,0.863438759177923,2
84.35157439528325,4,0,0,1,0,0,0.8542602941335107,2
94.74188191010336,0,1,0,0,1,1,0.9157182953696373,2
94.49167402034848,6,0,1,1,1,1,0.6765338800553747,2
80.25452834039653,0,0,0,0,0,1,0.9352591787149144,1
66.67170409490919,0,0,0,0,0,0,0.8176706759916919,0
91.12707587168244,7,0,0,0,1,0,0.8989073199237345,2
81.39576369647621,10,0,0,0,0,0,0.7920205196364433,0
79.4382506755905,4,1,1,0,0,0,0.7124769373088272,2
80.16239373451076,11,0,0,1,0,0,0.8810783099243082,2
99.32449234403391,0,0,0,0,0,0,0.9673101078717311,0
99.39050024058403,1,0,0,0,0,0,0.9077425635580857,0
86.57830358914568,8,1,0,0,1,0,0.6958987864655335,2
70.68057655417063,3,0,0,0,0,0,1.0,0
75.0016644287639,2,0,0,0,0,0,0.9270610044214285,0
92.0450371925508,11,0,0,0,0,0,0.9193651802750816,0
81.47023132405751,6,0,0,0,0,0,1.0,0
88.86693119410852,12,1,0,0,1,0,0.857999487536954,2
72.67173825908684,3,0,0,0,0,0,0.7006246250575257,0
72.92358733833119,6,1,0,0,0,1,0.7828827659218928,1
84.89264107565022,5,0,0,0,1,0,0.8292750161632596,2
78.3256170408482,0,1,0,0,1,0,0.8785080592720627,2
83.88686703672812,4,0,0,0,1,0,1.0,2
94.14272457000045,2,0,0,0,0,0,0.9921757179228211,0
91.89277870649516,6,1,0,0,0,0,0.8948868821818374,1
89.1461604059505,8,0,0,1,0,0,0.7753980605788433,2
73.90196796271198,6,0,1,0,1,0,0.9003346951133204,2
77.57471795230677,15,0,0,0,0,0,0.9090309262426166,0
96.01451334000564,0,2,0,0,0,0,1.0,1
72.28698823095286,0,1,0,0,0,0,0.867213945658426,1
94.07797917125608,10,0,0,1,0,1,0.8787913931290151,2
82.5480494477663,9,0,0,0,1,1,0.9246113037038336,2
84.24101475582763,5,2,0,0,1,0,0.9000868216447981,2
82.05043180224871,5,1,1,0,0,0,0.8158515527555871,2
64.95685001189213,19,0,0,0,0,0,0.6900903841297731,0
94.01116191179787,9,1,0,0,0,0,0.9536260955376609,1
85.8021524653012,2,0,0,0,0,0,0.9827382736482235,0
94.5771623840157,11,0,0,0,0,0,0.8315057581841617,0
79.56886292897727,0,0,0,0,0,1,0.6308644715247911,1
84.32905471911728,3,2,0,0,0,0,1.0,1
82.31030330492423,4,0,0,0,0,0,0.669167064355086,0
69.9211378741235,6,1,0,0,0,0,1.0,1
78.73935849981966,4,0,0,0,0,0,1.0,0
79.2056250907465,3,0,0,0,1,1,0.7644379744889697,2
71.80257843294447,2,0,1,0,1,0,0.8878447798555197,2
88.67953750195984,5,0,0,0,1,1,0.8030116441733972,2
71.6743260195359,8,1,0,0,1,1,0.7417704977293937,2
81.54448727679511,6,0,0,0,1,0,0.8752367141651338,2
90.38530651623266,7,0,0,0,0,0,0.9410099051574768,0
76.84721968405458,0,0,0,0,0,0,0.9741217818706686,0
76.38212597724421,9,3,0,0,0,0,0.7602953330895097,1
77.31154996477268,0,0,1,0,0,1,0.8497635128917936,2
82.70786288873013,13,1,0,0,0,0,1.0,1
89.11630579009837,1,0,0,0,0,0,0.6891648890097392,0
83.50251980448239,8,0,0,0,0,1,0.9836291052360937,1
75.12402396674234,8,2,0,0,0,0,0.8951980600034338,1
79.90880292892875,3,1,0,0,0,0,0.9038118784591648,1
86.16447233760304,10,0,0,0,0,0,0.9405307436930458,0
81.07265350768974,6,0,0,1,0,0,0.9813504996706626,2
97.8353986730404,4,2,0,0,0,1,0.6611724948712905,1
67.59311436100424,0,1,0,0,0,0,0.7677443306507505,1
72.83059964099087,10,1,0,0,1,0,0.7583768326753203,2
81.01565862668919,6,0,0,0,0,0,0.768561100682662,0
100.0,8,1,1,1,1,0,0.9921422084199343,2
67.13472811490249,0,3,0,0,0,0,1.0,1
67.03548189291598,0,1,1,0,0,0,0.984201289548957,2
97.2724013806876,1,0,0,0,0,1,0.7606727755481313,1
77.84375963618025,6,0,1,0,0,0,0.8084621121029957,2
75.36659517935797,2,0,0,0,0,0,0.9281632857636821,0
100.0,3,0,0,0,0,0,0.7419663386761862,0
85.42688103879276,7,1,0,0,0,0,0.9343048338907749,1
85.4206444477416,6,0,0,0,0,0,1.0,0
93.41764696424319,8,0,0,1,0,0,0.8891937404203691,2
94.20690535029806,3,0,0,1,0,0,0.7266545797548987,2
83.27757850602951,11,2,0,1,0,0,0.6297131627599014,2
82.4588653736185,0,0,0,0,0,0,0.6169985794356807,0
80.99450850037726,9,0,0,1,0,1,0.9864764988741552,2
86.59876713750789,10,1,1,0,0,0,0.769070009648562,2
91.9111225837402,0,1,0,0,1,0,1.0,2
66.83345798443465,5,0,0,1,0,0,0.9774254915358012,2
73.46528783624004,0,0,0,1,0,0,0.8438721308727278,2
83.97898577175087,1,1,0,0,1,0,1.0,2
92.08116056225964,7,1,0,0,0,0,1.0,1
79.40678525425092,9,1,1,0,0,0,1.0,2
87.18416005084167,0,0,0,1,0,1,0.7514613580788428,2
82.7723772541983,2,0,0,1,0,0,1.0,2
73.90617658724557,1,1,1,1,1,0,1.0,2
97.51568055049266,14,0,1,0,0,1,0.8999572174248041,2
76.04024045612742,9,3,0,1,0,1,0.6196650452398962,2
84.08544741162234,7,0,0,0,0,1,0.9816400025270777,1
83.58434184880453,10,1,0,0,0,0,0.9173377845680623,1
96.44363120860194,7,0,0,0,0,1,0.8819829557612386,1
86.19510855638298,8,0,0,0,0,0,0.8185546902404013,0
83.59471539577754,1,0,1,0,1,0,0.7173857400324821,2
97.15260209593167,0,1,0,0,0,0,0.9378982070444433,1
61.745172570547965,8,0,0,0,0,0,0.5807987470661375,1
87.88336525378878,3,0,0,0,0,0,0.8531570449140811,0
96.5589602360171,3,0,0,1,0,0,1.0,2
74.68936910061605,4,0,1,0,0,0,0.978970946330052,2
79.7213328006171,0,1,0,0,0,0,0.751491677361264,1
82.54014285455122,9,1,0,0,0,0,0.9382025164228666,1
95.23900751662407,7,0,0,0,1,0,1.0,2
90.93697692713218,13,0,0,0,0,0,1.0,0
76.13281949302349,0,0,0,0,0,0,1.0,0
77.75212397853835,3,0,0,1,0,0,1.0,2
76.6152397406193,5,0,0,0,0,0,0.9750340273578795,0
84.86343905556794,16,0,0,0,1,0,0.7399074247117681,2
82.08542043090343,0,2,0,0,0,1,1.0,1
94.18487616793037,0,0,0,0,0,1,1.0,1
75.4430083585813,11,2,0,0,0,0,1.0,1
80.42679473778587,0,0,0,0,0,0,0.9998916772625879,0
81.07792982798223,8,0,0,0,0,0,0.9371457759603674,0
79.2009298625049,0,1,0,0,1,0,1.0,2
68.28154774806029,0,1,0,0,0,1,1.0,1
90.8236285748217,6,0,0,0,0,0,0.5559380494351959,1
79.89185350169845,9,2,0,0,0,0,0.7335966938614356,1
81.49765894085797,10,0,1,0,0,0,1.0,2
100.0,0,0,0,0,0,0,1.0,0
54.32020128405844,0,0,1,0,0,0,1.0,2
75.39557969653,6,1,0,0,0,0,0.7952158451878781,1
85.31428380086221,11,1,0,0,0,0,0.9684861060305469,1
98.48642833700424,4,0,0,0,1,0,1.0,2
92.05887326135249,2,0,1,0,0,0,0.7996285420725343,2
91.2718843569927,2,2,0,0,1,1,0.979947497041792,2
81.5580330454341,4,0,0,0,0,1,1.0,1
84.7653583785236,7,0,0,0,1,0,0.9586992234946824,2
73.70834140458422,7,0,0,0,0,0,0.9281635387744531,0
74.33359471643992,8,1,0,0,0,0,0.9727456401965339,1
78.23400479747121,9,1,0,0,0,0,0.9419131257519627,1
84.89166825990617,8,0,0,0,0,0,0.8421349667771693,0
91.95488064350826,11,0,0,1,1,1,1.0,2
92.45755289198635,4,0,0,1,1,0,1.0,2
85.98195861084675,3,1,0,1,1,0,0.8815741716884654,2
78.02264133843245,0,0,0,0,0,0,0.9156905095504552,0
88.69673777931959,0,0,0,0,0,0,0.9647502655346221,0
79.81972796975224,3,0,1,0,1,1,0.8174956640147963,2
82.59215648931871,0,0,0,0,0,0,0.9881474117498287,0
71.61377876255825,0,0,0,0,0,0,0.8586231674541657,0
85.13558676905727,11,0,0,0,0,0,1.0,0
67.95774457133722,0,2,0,0,1,0,0.9510519328964725,2
94.60550498079252,0,0,0,0,0,0,0.6181382873200694,0
70.22604722387202,8,0,0,1,1,0,0.7919187333403593,2
91.84666418384738,11,0,0,0,0,1,0.6873780893535992,1
74.14877417806865,7,1,0,0,0,1,0.7239793423390529,1
69.45376952458946,9,1,0,0,0,1,1.0,1
73.1117767538233,6,0,0,0,1,1,0.843877996935742,2
86.49322019995046,3,1,0,0,1,0,0.657852804020941,2
93.8859766378022,7,1,1,0,1,0,1.0,2
75.28447654977882,2,1,1,0,0,0,0.9190850531001702,2
92.15744720420227,6,0,0,1,0,0,0.8783729715939712,2
91.92373684491906,0,0,0,0,0,0,0.7989039597525158,0
86.16140792938832,6,1,0,0,0,0,0.5477046161797685,1
65.59211059395751,3,1,1,0,1,0,0.8309404676599745,2
83.41527711733603,10,1,0,0,1,0,0.5665445270519285,2
84.95466557966812,6,0,1,0,0,0,0.968449025215646,2
100.0,4,0,0,1,0,0,0.9717547772250767,2
74.79191793666314,11,0,0,0,0,0,0.9046232890602998,0
98.08095130640554,8,0,0,0,1,0,0.8887198835260479,2
86.38085135639976,0,0,0,0,0,0,0.8237980908516156,0
81.1603001081379,0,0,1,0,0,0,0.9574578391643079,2
91.95833649209959,1,0,0,0,0,0,0.6251825525912352,0
77.40217764238992,10,0,0,0,0,0,0.6130129150094521,0
73.40887424557783,0,0,1,0,0,0,0.6848050722882808,2
75.00311298775091,1,0,0,0,0,0,1.0,0
84.49915290807266,9,0,0,0,1,0,0.7399998459659727,2
94.02180561850162,10,0,0,0,0,0,1.0,0
83.06955291910056,0,0,0,0,0,0,1.0,0
93.60532555318981,1,0,0,0,1,0,1.0,2
85.58587544678097,7,1,0,0,1,0,0.755864083448586,2
93.66053455167274,3,2,0,0,0,0,0.9423688563303281,1
63.9606901054564,3,0,0,0,0,0,1.0,0
82.70831994508401,2,3,1,0,0,0,0.501392038865848,2
83.71222460645326,4,2,0,0,1,0,0.9598878159015342,2
74.77283475056208,10,0,0,0,0,0,1.0,0
92.67508643521634,10,1,0,1,0,0,0.6700944167536336,2
70.45281796760676,1,0,0,0,0,0,0.7821273586636737,0
87.80058486618073,0,1,0,0,0,1,0.9520202759111713,1
100.0,0,0,0,0,1,0,0.9900274371041363,2
82.92047419860855,0,0,1,0,1,0,0.9767491622705514,2
70.75850954998413,12,0,0,0,0,0,0.7626201579317642,0
93.67727798598425,8,1,0,0,0,0,0.848451914206715,1
79.3990676424832,3,0,0,0,0,0,0.6781647585946566,0
85.68911733305491,7,0,0,0,0,0,1.0,0
94.90001371821862,0,1,0,1,0,0,0.9826733426541349,2
91.27439395755516,5,2,1,1,0,0,0.9535517251264146,2
94.72213990732182,13,1,0,0,0,0,0.7003932198725202,1
67.25201476193338,13,0,0,1,0,0,0.8340286514070655,2
82.04260298242104,10,1,0,0,1,0,1.0,2
92.88103857731538,2,2,0,0,1,0,0.9548656772350582,2
89.88349394135601,0,1,1,0,0,0,0.9431048503333638,2
95.04245527374805,15,0,0,0,0,0,0.7785993602876776,0
89.7534623800495,6,0,0,0,1,0,0.774619639613604,2
90.49723467373728,11,0,0,0,0,0,0.9004290999482526,0
77.58065251475266,9,1,0,0,0,0,0.8694268733552452,1
73.86388442035414,13,0,0,1,0,0,0.9539851605896021,2
77.97643121725893,7,0,1,0,0,0,1.0,2
79.96006218709718,8,2,0,1,0,0,0.889168227597326,2
81.0620377153936,3,0,0,1,0,0,0.8558854694224874,2
100.0,5,0,1,0,0,0,0.8638786528443597,2
84.05568898317071,4,0,0,0,0,1,0.8041910979005095,1
75.87435081707163,0,1,0,1,1,0,0.8342974058778568,2
68.72690512645607,7,0,0,0,0,0,0.814337535534638,0
91.39264898168331,3,0,0,1,0,1,0.8791688132285888,2
75.98352517638318,0,0,0,1,0,0,0.8108288136700025,2
66.90930515516693,5,0,1,0,0,0,0.8292050599097469,2
100.0,7,0,1,0,0,0,1.0,2
100.0,7,1,0,0,1,0,1.0,2
91.03992828492323,3,0,1,0,1,0,0.9249573155256489,2
77.81542812779794,4,0,0,0,0,0,0.7502814815696072,0
81.80268422701698,15,0,1,0,1,1,1.0,2
86.07357913547379,0,1,1,0,1,0,0.8464844417673284,2
77.82687797848264,12,0,0,0,0,0,1.0,0
84.47407109157909,3,2,0,0,0,0,0.9609995937260343,1
74.37035223258155,4,2,0,0,1,0,0.7281435639661153,2
80.41620218596547,0,0,0,0,1,0,0.7049446744296413,2
82.26696754524255,9,0,0,0,1,0,1.0,2
74.59403518019411,4,0,0,0,0,0,0.9207788735038052,0
100.0,4,0,0,0,0,0,0.7370820791159989,0
70.65526996495976,2,0,1,0,1,0,0.8372321403937293,2
100.0,6,0,1,0,0,0,0.92574984291482,2
100.0,0,0,0,0,0,0,0.6693451381061164,0
86.00451815411994,2,1,0,0,0,0,1.0,1
69.71010402757491,4,1,0,0,1,0,0.8421558736450757,2
73.87916414669283,12,0,0,0,0,0,0.781856709121034,0
85.17175939413487,0,0,0,1,0,0,0.9946486834943077,2
68.90758835503817,10,1,0,0,1,1,1.0,2
84.27799010476741,0,0,0,0,1,0,0.9883702169884184,2
78.5552108587079,0,0,1,0,0,0,0.7452222510455498,2
83.39784222427208,1,3,0,1,0,1,1.0,2
76.82790391396779,6,1,0,0,0,0,0.7448569210549426,1
85.65284634544709,1,0,0,1,0,0,1.0,2
83.88886335688369,3,1,0,0,1,0,0.7661671218372444,2
90.22719314617231,2,1,0,0,0,0,0.9917993779298273,1
98.05761216231886,8,0,0,0,0,0,1.0,0
77.71396390221147,0,1,1,0,1,0,0.8010050529237243,2
83.20784264103331,12,0,0,1,0,0,0.7054037511712443,2
69.68554516022158,5,2,0,0,0,0,0.95077645110748,1
62.88741892305838,0,0,0,0,1,0,1.0,2
73.2270205735005,8,1,1,1,0,0,0.7016051535154335,2
98.72063298773745,6,0,0,0,0,0,0.7556623750794016,0
76.43797653609035,12,0,0,0,0,1,0.8065902018418857,1
88.24912158770535,0,0,0,0,0,0,1.0,0
82.09937497017685,0,1,0,0,0,0,0.9318027410865501,1
83.57612557711427,4,1,0,0,0,0,0.9096328827786848,1
83.2753559336448,0,0,0,0,0,0,0.7515494925766719,0
79.04158963495746,5,0,0,0,0,0,0.6162590355305908,0
79.19736503820936,3,0,0,0,0,0,0.9042266374715017,0
74.09610023003991,14,0,0,0,1,1,0.8273635339146017,2
89.42024597818344,7,0,1,1,1,0,1.0,2
96.04918129460631,3,1,0,0,0,0,1.0,1
72.44547080798205,0,0,0,0,1,1,0.9233916231410888,2
93.81033710763235,3,0,0,0,1,0,0.817815700260679,2
99.82300777352071,10,0,0,1,0,0,0.7220571529767024,2
97.26222228285364,8,0,0,0,0,0,0.5510119162903575,1
93.0068789118095,7,0,1,0,1,0,0.9709275371650874,2
89.73451865912881,3,0,0,0,0,0,0.6934873849709653,0
97.80573588579392,0,0,0,0,0,1,0.8486746755262635,1
73.73208950712666,6,0,1,0,1,0,0.7150692928454427,2
71.77646012155574,3,0,0,0,0,0,0.8869754659862698,0
75.10096679648069,5,1,0,0,0,0,0.9639149747831667,1
74.27499576645752,18,0,1,0,0,0,1.0,2
95.25659749055791,4,0,1,0,1,0,1.0,2
89.85440419872806,3,2,1,0,0,0,0.6448838327938662,2
96.33151624036181,4,0,0,0,0,0,1.0,0
75.82509651737524,3,0,1,0,0,0,1.0,2
93.80240344335824,9,2,0,0,0,0,0.6095510562899158,1
87.90294311438653,7,0,1,0,0,0,0.9541799241755294,2
85.54528012997206,2,1,0,0,0,0,0.43579012356412355,1
77.64929029889973,5,1,0,0,0,0,0.9553242673832567,1
89.39483774122344,3,0,0,0,1,1,1.0,2
100.0,7,0,1,0,0,0,0.8833239849449638,2
79.82258944132153,3,1,0,0,0,0,0.8532914557276384,1
90.43518999431357,1,0,0,0,0,0,0.9430005463645771,0
91.79884080068602,0,0,0,1,1,1,1.0,2
85.62236739317973,3,0,0,0,0,0,0.9863089407240464,0
97.87869739554445,5,0,1,0,0,0,0.8239375543618358,2
99.87040984900528,7,1,0,0,0,0,1.0,1
98.59320913249739,5,0,1,1,0,0,0.93425654774555,2
79.48306575516514,0,0,0,1,0,0,1.0,2
92.45568625470968,6,0,0,0,0,0,0.8588944647943666,0
89.47961696186887,0,0,0,0,0,0,0.6684977110141574,0
98.32984499376111,8,1,0,0,1,0,1.0,2
100.0,13,0,0,0,0,0,0.818074808045889,0
78.44241581268149,0,0,0,0,0,0,0.9718214912850509,0
72.28031505376651,0,0,0,0,0,0,1.0,0
76.87589967880388,8,2,0,0,1,0,1.0,2
83.65355810998867,13,1,0,0,0,0,1.0,1
79.90539833797662,2,2,0,0,0,0,1.0,1
78.34394204041196,10,1,0,0,1,0,0.8397627408816868,2
96.79515810898731,5,0,1,0,0,0,0.8521130499909155,2
89.10616068595793,0,0,0,0,0,0,0.8347274466400921,0
72.85573392691438,0,0,1,1,0,1,0.866598838743833,2
76.0956214916695,0,0,0,0,0,0,1.0,0
100.0,12,0,0,0,0,0,0.8942269775536541,0
90.52512479459061,0,0,0,0,0,0,1.0,0
99.68862219703423,17,2,1,1,0,1,1.0,2
78.20827828902429,6,1,0,1,0,0,1.0,2
99.37517917717022,0,0,0,0,1,0,1.0,2
84.99207456830595,5,0,0,0,0,0,1.0,0
88.65015300757969,12,0,1,0,0,0,0.8602927634564239,2
85.15617395216763,0,0,0,0,0,1,0.6992063089935808,1
85.1231792118544,5,0,1,0,0,0,0.9638030989765567,2
86.91419554596678,6,1,0,0,0,0,0.993997311438666,1
91.11759390403523,3,0,0,1,0,0,1.0,2
72.14513128998203,0,0,0,0,0,0,1.0,0
70.82557819457746,14,0,1,0,0,0,1.0,2
68.81489304202923,5,1,0,0,1,0,0.8766375588782037,2
94.57457124916363,0,0,0,0,0,0,0.982865087420081,0
99.29682711029929,0,1,1,0,0,0,0.7256256531993541,2
62.97815178339087,6,0,0,0,1,0,1.0,2
85.34969143380732,6,2,0,0,0,0,1.0,1
95.75463012060293,9,1,0,0,0,0,1.0,1
87.93061204360502,12,0,0,0,0,0,0.9957570323033036,0
90.78024905853074,10,0,0,0,0,0,1.0,0
73.03540565158971,0,0,0,1,1,1,1.0,2
74.81288179562262,0,0,0,0,1,0,0.8350568580211679,2
98.64925093612628,5,0,1,1,1,0,0.8926744329998895,2
61.12074058103052,5,1,0,0,1,0,0.9557286444360804,2
71.27058878835798,8,0,0,0,0,0,1.0,0
87.38621008149774,4,2,1,0,0,0,0.8142638391359958,2
100.0,6,0,0,0,0,0,0.9421366767157962,0
95.29149589647835,0,1,0,0,0,0,0.7962103419735957,1
82.67393187324346,4,0,0,0,1,0,1.0,2
72.27010998511005,7,0,0,0,1,0,0.9248037113195257,2
82.98516762491205,11,0,0,0,1,1,0.854279959758764,2
86.93503123709034,5,1,1,0,1,0,0.8300625553315413,2
68.52255715506203,2,0,0,0,1,0,0.6949679096919577,2
88.66529512132436,4,1,0,0,0,0,0.6329363285311611,1
82.14330018638498,0,1,1,0,0,0,1.0,2
95.5030841739358,6,0,1,0,0,0,0.799564956495734,2
97.13151632302772,3,0,0,0,0,0,0.8468275174991722,0
97.47426870472005,5,0,0,0,0,1,0.8383853649351292,1
83.5867646586361,13,0,0,0,0,0,0.7850393960374792,0
81.08979183542277,0,1,0,1,0,1,0.6103173117182485,2
86.1554569142113,9,0,0,0,0,0,1.0,0
70.75759300616835,13,0,0,0,0,0,1.0,0
74.56309254836826,1,0,0,0,1,0,0.8038783071379552,2
91.94892780857549,2,0,0,0,0,1,0.7234566819445325,1
77.3301937759155,0,0,0,0,1,0,0.9263598227204027,2
96.46683773075256,8,0,0,0,0,0,0.7943512888403315,0
91.19069558073546,12,0,1,0,0,0,0.7714086063788317,2
83.0520448326899,5,0,0,0,0,0,0.5659287144746206,1
79.36662361316496,0,2,0,0,0,0,1.0,1
69.34194527417577,7,1,0,0,1,0,1.0,2
85.61549739888355,3,0,0,0,0,0,0.9589106698205678,0
90.51179575420272,0,1,0,0,0,0,1.0,1
89.52369912265831,1,0,1,0,0,0,1.0,2
100.0,10,0,1,0,0,0,0.6656478057620614,2
97.07672141782045,7,0,0,0,0,0,0.8681947957890968,0
90.27384059219085,0,0,0,0,1,1,0.8256874489966202,2
84.55516084900164,0,0,0,1,0,0,1.0,2
99.27463331052901,13,0,0,0,0,1,1.0,1
86.77425416132888,3,0,0,1,0,0,0.939130831058665,2
68.00120894697966,5,0,0,0,0,0,0.973073119680161,0
92.35493759759746,2,0,0,1,0,1,0.8936844083573885,2
83.00072551185013,0,1,1,0,0,0,1.0,2
59.973263585830175,2,0,0,0,0,0,0.9552515874785162,1
93.05117838907492,13,1,0,1,0,0,1.0,2
97.92049832859672,0,0,0,1,0,0,0.7636541844660873,2
67.82615678110635,10,1,0,0,0,1,1.0,1
95.73232195258792,7,2,0,0,0,0,0.7729636530954608,1
92.85323606006722,5,0,0,0,0,0,0.8486666691164021,0
95.04863450122441,6,0,1,0,0,0,0.9051189038270117,2
84.9249355691539,0,0,0,1,0,0,1.0,2
95.15225473143443,13,0,0,0,0,1,0.7712453389140947,1
72.25513753670266,6,1,0,0,0,0,0.8256442281970886,1
97.92554488094764,2,0,0,0,0,0,0.4145118661351812,1
88.7055019427933,4,1,0,0,0,0,0.8176310282209026,1
76.63405232390417,9,0,0,0,1,0,0.9290980702701217,2
94.58106017354127,4,0,0,0,0,0,0.8381055426598129,0
76.80975863737737,1,0,0,0,0,0,0.5434833912462087,1
73.83178609577699,9,0,0,1,0,0,0.7851283839503945,2
95.11913892822452,1,0,0,0,0,0,0.8382467855838592,0
77.13037946984556,8,0,0,0,1,0,0.9589686946531459,2
74.80002843438785,1,1,0,0,0,0,0.9164530461494063,1
76.05268685323968,1,1,0,0,1,0,0.7566765774661066,2
81.49198979367794,11,2,0,0,0,0,0.8916876636232484,1
81.91212464517581,5,0,0,0,0,0,0.86289916703107,0
75.75276992304518,13,0,0,0,1,1,0.9454932236555791,2
72.43979985818139,11,2,0,0,0,1,1.0,1
81.84671812602923,8,0,0,0,0,0,0.9110326538489565,0
88.63587127588396,0,1,0,0,0,0,0.9158893172399462,1
99.14023652098923,0,0,0,0,0,0,0.8199839219400996,0
81.72135409988117,4,0,1,1,0,0,0.8300174347125256,2
80.37214157387992,4,1,0,1,0,0,0.9269722691257618,2
96.17832387677987,4,0,0,0,0,0,1.0,0
86.14446180351435,0,0,1,0,0,0,0.766509573444541,2
89.8497924781235,11,0,0,0,0,0,0.5898313645557036,1
95.1748647641882,9,0,0,1,0,0,0.9329964660490152,2
84.20243388881362,7,3,0,0,0,0,0.6495554522848491,1
89.2349620144254,10,0,0,0,0,0,0.9485461470530877,0
93.29740162497589,1,0,0,0,0,1,0.6756219703429811,1
100.0,0,0,0,0,0,0,0.764647058803923,0
100.0,0,0,1,0,0,0,1.0,2
88.4563204068864,0,2,0,0,0,0,1.0,1
100.0,5,0,0,0,0,0,0.7959988701217454,0
88.12170887399235,12,0,0,0,0,0,0.8650030254680295,0
74.76250336169267,6,2,0,1,0,0,0.860661981762195,2
76.38680504739094,17,3,0,1,0,0,0.929866091051017,2
86.81553671908809,10,0,1,0,0,0,0.9423081552939694,2
90.32069959780264,8,3,0,0,0,1,0.7828679716829123,1
89.18402247853186,4,0,1,1,1,0,0.8350590278064332,2
99.23298572263631,5,0,0,0,1,0,0.9049652676402418,2
82.93753627511245,0,1,0,0,0,0,0.9744907015017249,1
89.22062358493136,9,0,0,0,0,0,0.9924790068905017,0
88.47895310166932,6,0,0,0,0,0,1.0,0
90.82773357829464,0,0,1,0,0,0,0.7729283496582595,2
97.23190139637755,0,2,1,1,0,0,0.823649313245842,2
95.7594579037785,15,0,1,0,0,0,0.8675777673312614,2
81.62365462006443,1,1,0,0,0,0,1.0,1
79.61183311875442,2,2,0,0,0,1,0.7055993503340141,1
74.7908373562056,4,0,0,0,0,0,0.9298731750118795,0
99.08967871794057,5,0,0,0,0,0,0.6062242331266683,0
75.34536435968188,11,0,0,0,0,0,0.8911626705586877,0
82.93798820046226,7,1,0,0,0,0,0.8690446682718345,1
79.47233137617891,4,1,1,0,0,0,0.7875676823392377,2
74.85576501614656,5,1,0,0,0,0,1.0,1
78.74498402391762,6,0,1,0,0,1,1.0,2
100.0,0,0,0,0,1,0,1.0,2
68.70599728314642,7,0,0,0,1,0,0.9000919011318081,2
86.00990354870288,11,0,0,0,0,0,0.8169849261988342,0
89.91554630766132,2,3,0,0,0,0,0.7359954224946121,1
100.0,1,0,0,0,0,0,0.6807655046236669,0
97.41455731175888,3,0,0,0,0,1,1.0,1
84.48055620163069,9,0,0,0,0,0,0.9330755544463691,0
81.77907556200192,2,0,0,0,0,0,1.0,0
78.61153021026811,10,1,0,0,0,0,1.0,1
75.42170666415656,2,2,0,0,0,0,1.0,1
77.388324839944,6,0,0,0,0,0,0.9250419772331724,0
73.49730369046274,6,0,0,0,1,0,0.9430895219243056,2
83.6373383881383,3,0,0,0,1,0,0.6338042706316566,2
79.05820664211855,2,2,0,0,0,0,0.7974018678903179,1
82.52645756709036,11,0,0,0,0,0,1.0,0
80.60611160370215,11,0,0,0,0,0,0.5839841721177688,1
81.54983471879754,9,2,0,0,0,0,0.7625995111532506,1
82.56239837166162,1,0,0,0,0,0,0.8993505846534309,0
71.0705917721489,9,2,0,0,0,0,0.6416588754306389,1
94.14563543873692,10,3,0,0,0,0,0.8828346054219,1
100.0,6,0,0,0,1,0,1.0,2
74.86433975254408,0,0,1,0,0,0,0.8695948021202139,2
85.03372162346496,11,0,0,0,0,1,0.8750006302671605,1
90.01457390492652,7,0,0,0,0,0,1.0,0
81.98381751366578,12,0,0,0,0,0,0.9007987983168829,0
80.54570163132003,4,0,1,0,1,0,0.5716311132350633,2
72.10247332845074,0,0,0,0,0,0,0.8927018567426066,0
84.6685266441732,4,0,0,0,0,0,0.7331945851100771,0
85.88986018966771,11,0,0,0,0,0,0.6757902480170774,0
89.2374351755973,6,0,0,1,0,0,0.7516428187215705,2
90.1079450598602,0,0,1,0,0,1,1.0,2
100.0,5,0,0,0,0,0,0.782956291072942,0
80.95290380422442,0,0,0,1,0,0,0.7618568965725729,2
92.19449946085088,6,0,0,1,0,1,0.7103331788862614,2
74.49742131353239,0,0,0,0,0,0,0.7670250283207342,0
100.0,0,1,0,1,1,0,0.8153896994337179,2
84.25276608692403,3,0,0,0,0,0,1.0,0
90.1174595445339,1,1,1,0,0,0,0.6734437189691713,2
73.00332061784975,5,0,0,0,0,0,0.8520851432417023,0
91.27106245429292,2,0,0,0,0,0,1.0,0
82.09096989093355,2,0,0,1,1,0,1.0,2
77.70097768028998,13,0,1,0,0,0,0.8448643102557405,2
89.86080681650219,6,2,1,0,0,0,0.9110633323554532,2
86.29276880880523,8,0,0,0,1,0,0.6896249276079658,2
80.5126834530554,7,0,0,0,0,0,0.877436711008779,0
90.27675159890128,0,2,0,0,1,1,0.8765581099978335,2
85.60166537607213,3,1,0,0,0,1,0.8249349322741216,1
78.82427574992319,0,0,0,0,0,0,0.6830299779051565,0
87.891032278358,8,0,0,0,0,0,0.9255248167775976,0
100.0,5,2,0,0,0,0,0.8280780178369844,1
66.30091832473052,4,0,1,0,1,1,0.9999100976983748,2
94.15720560892973,9,1,0,0,1,1,0.867807761805229,2
96.85717124433417,2,1,0,0,0,0,0.9870485789727877,1
79.64204151208125,10,0,0,0,0,0,0.9408729365514451,0
100.0,1,0,0,0,1,0,0.8738093760387662,2
75.58154545725546,1,0,0,0,0,1,0.8549446179805406,1
70.88564473160775,8,1,0,0,0,0,0.8433057772389951,1
94.728048403866,7,0,0,0,0,1,1.0,1
91.37096405783109,0,0,0,1,0,0,0.8247170252315268,2
73.86565671162016,4,0,0,0,0,0,0.9365383149197283,0
79.03693807378369,0,0,0,1,1,0,0.9827998851404994,2
78.49803801807599,4,2,0,0,0,0,0.8659109581680516,1
64.99659420288111,3,1,0,0,0,0,0.9802560558612485,1
74.42941412052605,0,0,0,0,0,0,0.9688238067862138,0
78.74138571561575,0,0,0,0,0,0,0.8128503532919346,0
84.15622161680263,2,1,0,0,0,0,0.8490297542863114,1
77.35358999388059,0,0,0,0,0,0,0.8723078876595655,0
75.85076685493837,4,0,0,0,1,0,0.760086542467685,2
73.18953625245724,0,0,0,0,0,0,0.7946505433473368,0
98.35055385389019,0,0,0,0,1,0,0.9238054597449651,2
84.47429063943898,11,1,0,1,0,0,0.7426903943107883,2
82.41374628328971,11,2,0,0,0,1,0.9181646560070256,1
95.13079330892904,8,0,0,0,0,1,0.9253861610506676,1
78.0615110027291,7,0,0,0,0,1,0.7371242316901169,1
69.05952306010744,15,3,0,0,0,0,0.8757727073615449,1
78.04548557638572,1,0,0,0,1,0,0.9206228754364724,2
80.95754360083455,3,3,0,0,0,0,0.9228377131218092,1
86.14525576060436,6,0,0,1,0,0,0.9218517489640111,2
100.0,11,0,0,1,0,0,0.8453099637918348,2
87.15340676148652,7,0,0,0,0,0,0.8878645315732087,0
78.07649629483082,0,0,0,0,0,0,1.0,0
84.16588058174864,5,0,0,0,0,0,1.0,0
81.84264197666903,5,0,0,0,0,0,1.0,0
97.61557517265734,2,0,0,0,1,0,0.6265698339556852,2
96.52102927206082,0,0,0,1,1,0,1.0,2
72.87510317875409,5,0,1,0,1,0,1.0,2
89.60186315246884,9,0,1,0,0,0,0.8952646567247414,2
88.44972408154716,3,0,0,0,0,0,0.5740060519749537,1
100.0,3,0,0,0,0,0,1.0,0
84.50432262337864,0,0,0,0,0,0,0.5063751796848666,1
88.73878837573331,8,0,0,0,0,0,1.0,0
82.56319220789153,1,0,0,1,0,0,1.0,2
85.7252235743387,0,0,1,0,0,0,1.0,2
85.74117955120546,7,1,1,1,0,0,0.743793688031718,2
83.77648218663634,2,1,0,0,0,0,0.9236452254758096,1
81.85497991135765,7,0,1,1,0,1,0.712964618720886,2
77.4529912602325,0,0,0,0,0,0,1.0,0
96.14066065531341,8,0,0,0,0,0,0.8549703380681805,0
60.061201633794695,9,0,0,0,0,0,0.9177859306265617,0
93.64044262288428,3,0,0,0,0,0,0.844913899993214,0
100.0,2,0,0,0,0,1,1.0,1
86.52309678167019,0,1,0,0,0,0,0.7343378266111841,1
96.3319828119527,0,0,1,0,0,0,0.8693421822178498,2
86.81541852841639,0,0,0,0,0,0,1.0,0
84.36077075803729,7,0,0,0,0,1,0.9411963386801581,1
79.53820964918069,12,0,0,0,0,0,1.0,0
92.02353693297027,11,3,0,0,0,0,0.7743739026742031,1
97.22277417632992,5,0,0,0,1,1,0.689439623770959,2
100.0,1,1,0,0,0,0,0.8174822378671784,1
85.0655350911637,7,0,0,1,1,0,0.9833891618876915,2
84.78845372204289,3,1,0,0,0,0,1.0,1
60.97671772487555,2,0,0,0,1,0,0.9825352441362598,2
95.63508609844914,10,0,0,1,0,0,0.8852471176784674,2
90.85918407802377,0,0,0,1,0,0,1.0,2
92.71100308523216,2,0,0,0,0,0,1.0,0
85.87579851823959,3,1,0,0,1,0,0.9116360849032646,2
96.3433679292177,5,1,0,0,0,0,0.886801352003193,1
73.55337673957237,5,1,0,0,0,0,1.0,1
88.91749565226573,3,1,0,1,0,0,1.0,2
81.36978895749421,1,0,1,0,0,0,1.0,2
68.81558108648863,0,0,0,0,0,0,0.7860448672639992,0
80.80279963539229,6,0,0,0,0,0,1.0,0
84.96086096669232,10,0,1,0,0,1,1.0,2
78.74632030349943,6,0,0,1,0,0,0.7912898689777403,2
85.66745833917072,0,0,1,1,0,0,0.7667233519135301,2
77.82833930038053,5,1,0,0,0,0,0.7998827415198848,1
93.80766517021104,13,1,0,0,0,0,0.8066940914451008,1
83.1170664578707,1,0,0,0,0,0,0.931912931000364,0
98.05621675151079,5,0,0,0,0,0,0.8517657343000423,0
77.63812404633654,6,0,1,0,1,1,0.6645938966343077,2
75.99721452204267,0,0,0,0,0,0,1.0,0
75.62587039215722,0,1,0,0,1,0,1.0,2
87.1235662933008,5,1,0,0,0,1,1.0,1
92.96280037622145,6,1,0,0,0,1,0.7824452383074891,1
94.75227165530325,0,0,0,1,0,0,0.869983743935696,2
94.22990886043621,4,1,1,1,1,0,0.6881365220305995,2
92.70939614905377,8,0,0,0,0,0,0.8430891035799168,0
80.79579951213495,2,0,0,0,0,0,0.8373099146729283,0
68.38720045226707,5,2,0,1,0,0,1.0,2
71.00575695454762,7,0,0,0,1,0,0.8502190682330132,2
84.24686755297756,2,0,0,0,0,0,0.9984599678390654,0
96.46272077902593,10,0,0,0,0,0,0.9505213748911953,0
83.00556704914688,6,0,1,0,0,0,1.0,2
99.6561255245667,8,0,0,0,0,0,0.8111816793459927,0
78.66430688130704,0,1,0,0,1,0,0.770294915796416,2
66.69788761218648,4,0,0,0,0,1,0.8039431406733366,1
81.05449163398394,9,0,0,0,0,0,0.7932164926688136,0
74.06114765927431,6,0,1,0,1,0,0.9560470188428564,2
83.9545810176698,9,0,0,1,0,0,1.0,2
82.49886542100418,0,0,0,0,1,0,0.9919244876417158,2
90.80917921519612,0,0,0,0,1,1,0.8299667773456086,2
93.98711864317467,8,0,0,0,0,0,0.8086535045705951,0
93.01364567273026,2,0,0,1,0,0,1.0,2
88.27515754828184,8,0,0,0,0,0,0.6776319853219657,0
86.93765617101901,7,2,0,0,0,0,0.8165256968977889,1
86.5996341020069,2,0,0,0,0,0,0.967273028485798,0
72.42647525807234,4,0,0,0,0,0,0.7830122562663357,0
94.25762514653154,9,0,0,0,0,0,0.8318122248212615,0
77.16563115285902,8,1,0,0,0,0,1.0,1
100.0,3,0,0,1,0,0,0.9501395542843893,2
83.21994053528763,1,0,0,0,0,0,0.714458688462495,0
91.65217919611901,2,1,0,0,1,0,0.8111059054840499,2
82.06440091800927,0,0,1,0,0,0,0.8849701370151285,2
90.1402286044274,13,0,0,0,0,1,0.9191136599286088,1
82.81650327455928,8,0,0,0,0,0,0.775320756148168,0
81.68354400065977,7,0,0,0,0,1,1.0,1
97.8851751184824,11,0,0,0,0,0,0.929165207322322,0
96.76485365647558,0,0,0,0,0,0,1.0,0
80.63340970153773,1,0,0,0,0,1,1.0,1
89.44791832402105,0,0,0,0,0,1,0.6268279360477487,1
92.01562516577121,2,0,0,0,0,0,0.9569365232217018,0
83.29244274084317,0,0,1,0,0,0,0.8395639184695329,2
80.87219978063257,3,0,0,0,0,0,0.6151512183152767,0
86.9745186909511,5,0,0,0,0,0,0.5533940543083944,1
86.09983012549547,8,0,1,0,0,0,0.7832048672875798,2
90.74355848257757,14,2,0,0,0,0,0.9346206303080802,1
75.88742354145408,5,2,0,1,0,0,0.47866498807073954,2
83.20147867651256,0,1,0,0,0,0,0.6165301077273524,1
100.0,1,1,0,0,0,0,0.851819013643022,1
84.66723997022694,10,2,0,0,0,0,0.9929209961324218,1
76.44683642641296,4,0,0,0,0,1,0.7218941541204118,1
83.5936694425925,0,2,1,0,0,0,0.656944828987855,2
88.70986847128316,0,2,0,0,1,0,1.0,2
93.45177604452581,13,0,1,0,0,0,0.8960652682130088,2
98.06448796205768,1,0,0,1,0,1,0.8827029301624478,2
96.21138975188342,0,1,0,0,0,0,0.9566697668652475,1
98.04244964600113,3,2,0,0,1,1,0.7366030248331477,2
74.7898036955129,3,2,1,0,0,0,1.0,2
95.33352808622301,0,0,0,0,1,0,0.804975770261826,2
75.84257513656256,7,0,0,0,0,0,0.9683210976274891,0
94.61253064769168,5,0,0,1,0,1,0.7638540457429676,2
90.29014692336605,8,2,0,0,1,0,1.0,2
100.0,0,1,1,1,1,0,1.0,2
79.00928387982697,11,0,1,0,1,0,0.7785996290724815,2
88.48836597927996,13,1,0,0,0,0,1.0,1
73.74377619841005,0,0,1,1,0,1,1.0,2
75.3174095798109,0,1,0,1,0,1,0.6898707969990253,2
81.71324287661692,0,0,1,0,0,0,0.735378573660551,2
85.5398571156971,10,0,0,0,0,0,1.0,0
95.38052702023249,17,1,0,0,0,1,1.0,1
83.09467717056759,0,1,0,0,0,0,0.9834568309809433,1
78.02644589758685,2,0,0,0,0,0,0.8960034367025886,0
96.4106959799824,10,1,0,0,0,1,1.0,1
98.06522827041502,10,2,0,0,0,0,0.5831886112897353,1
77.51481580013247,5,1,0,0,0,1,0.6673696672727937,1
89.6987905873533,0,0,0,0,0,1,0.654649555818262,1
98.21323380655143,8,0,1,0,0,1,0.932571521838631,2
84.83073549729757,7,0,0,0,0,1,1.0,1
84.95609467471347,5,0,1,0,0,0,0.913335760047264,2
85.14475560644651,7,0,0,0,0,1,1.0,1
92.61150607562811,4,1,0,0,1,0,0.7509520557661259,2
74.90560859310162,5,0,1,0,1,0,0.9563240399410953,2
84.10345023484834,7,0,1,0,0,0,0.8581969960299352,2
85.11208564052657,0,0,0,0,1,0,0.9094555452807787,2
89.20697325467808,6,0,0,0,0,0,1.0,0
88.04549539421443,9,0,1,0,0,0,0.8505368609013542,2
94.55318411919227,7,0,0,0,1,1,0.958637905774521,2
94.2309716896934,4,0,0,0,0,0,1.0,0
78.93416331187139,11,0,0,0,1,0,0.9129273798380799,2
72.95530818259627,1,1,0,0,0,0,0.7099069095332798,1
81.53840827676058,10,2,0,0,1,0,0.9744037899787927,2
100.0,4,0,1,0,1,1,0.7271527881501676,2
93.5524301708324,0,2,0,0,0,0,0.6646069071293065,1
94.34077281716384,0,0,0,1,0,0,1.0,2
86.90517957757156,11,0,1,0,0,1,0.7718507900522575,2
83.72104006711052,2,0,0,0,0,0,0.6709411336502733,0
76.50598322214135,12,0,0,0,1,0,1.0,2
79.61827586484908,1,0,1,1,0,0,0.76790178110701,2
64.74138071940247,2,2,0,0,0,0,0.8483009802099779,1
87.18889202048797,9,0,0,0,1,0,1.0,2
78.1584867840232,2,2,0,0,0,0,0.6465255145458937,1
80.64396881458589,6,2,0,1,0,1,1.0,2
69.97641161453765,3,1,1,0,0,0,0.672419743627635,2
80.71116983035324,3,0,0,0,0,0,0.7746477998948258,0
83.65251348175009,10,2,0,0,0,0,0.93372715864548,1
80.70739381417386,0,0,1,0,1,0,1.0,2
92.58136609946973,7,0,0,1,0,0,1.0,2
100.0,16,0,0,0,0,0,0.9656542467581084,0
82.68664678077447,1,1,0,0,0,0,0.916129705834368,1
80.97538269468443,5,0,0,0,0,0,0.6587440768054619,0
95.04878303365331,2,0,0,0,1,0,1.0,2
100.0,16,0,0,0,0,0,0.9889174447907365,0
83.17573125908163,0,0,1,0,1,0,1.0,2
91.31707184656801,0,0,0,0,1,0,0.8294728419873397,2
83.79119015696482,11,0,0,0,0,0,0.9372859595845624,0
63.916476347598746,12,0,0,0,0,0,0.7211174656362471,0
77.21675379403501,4,1,1,0,1,0,1.0,2
76.82103244420661,11,1,1,0,0,0,0.9146768223061643,2
80.531037064047,6,0,0,0,0,1,0.9879111709976431,1
78.02267516183421,0,0,0,1,0,0,1.0,2
83.47950907257864,9,0,0,0,0,0,0.9269617909047162,0
92.32122063544065,3,0,0,0,1,0,1.0,2
95.17043085650378,8,1,0,0,0,0,0.7977896172378555,1
88.72320514986491,2,1,0,0,0,0,0.9471704668329436,1
94.1295709077415,6,0,0,0,0,0,1.0,0
97.93960623226708,0,2,0,1,0,0,1.0,2
85.86550767529373,3,1,0,0,1,1,0.722395457422701,2
78.66238443649316,8,1,0,0,0,0,0.6635983890272537,1
71.49142399673246,0,1,0,0,0,0,0.7962765307349633,1
78.16328143365016,4,0,0,1,0,1,0.9256152986314782,2
100.0,0,1,0,0,0,0,0.8909805281923463,1
87.74213348799026,1,1,0,0,1,0,0.6519435357349577,2
100.0,7,0,0,1,0,0,0.7413803709711392,2
83.74405256546851,9,0,1,0,0,0,0.8398870201245242,2
86.26812116426088,16,1,0,0,0,0,0.9564685743153561,1
84.35908529991588,9,1,1,1,0,0,0.7261052315343979,2
72.84870729330197,9,0,1,0,1,0,0.8908138654929182,2
92.4247936485099,0,0,0,0,0,1,0.6733667403281302,1
73.39835735687896,12,0,1,0,0,0,0.9030212100272846,2
75.90026461574544,1,0,1,0,0,0,0.8435769181740246,2
70.19824173798372,15,0,0,1,0,0,0.5781882338758499,2
81.17248081561502,4,0,1,0,0,0,0.7832855158191719,2
100.0,0,0,0,0,0,0,0.8992789392862804,0
86.01794185432978,0,1,0,0,0,0,1.0,1
80.90587824531227,11,0,0,0,0,0,0.8377227676496773,0
66.7653299456291,9,0,0,0,0,0,0.9203129175312089,0
76.96586914002539,3,0,0,0,0,0,0.7791495779149529,0
91.57807427763943,4,1,0,0,0,0,1.0,1
90.41734257525799,11,0,0,0,0,1,0.5914322139216053,1
95.52932868778743,15,0,0,1,0,0,0.8778650185222392,2
77.7924261799238,13,0,0,1,0,0,1.0,2
60.000335338147224,9,0,0,0,0,0,1.0,0
71.09441591519993,5,0,0,0,0,0,0.759026314517544,0
67.34348778424139,11,0,0,0,0,0,0.9044769071255626,0
79.76407057130025,2,0,0,0,0,0,0.7684642284042775,0
91.8459815722367,4,1,0,0,0,0,0.9979854268872812,1
87.02484401402907,8,0,0,0,1,1,1.0,2
85.40443395174279,6,0,0,0,0,0,0.9321050617114778,0
84.86977347406393,0,0,1,0,0,0,0.5959119213409536,2
85.28291354533812,12,0,0,1,0,0,0.695435572420088,2
88.05369388477366,6,2,0,0,0,1,0.934666409119135,1
78.60588741303611,0,0,0,0,0,0,0.5619281274545738,1
90.77570973537651,2,0,1,0,0,1,0.7632464676481797,2
70.51852638163793,0,0,0,0,0,1,0.9900144808248247,1
100.0,2,0,1,0,0,0,0.991210250632403,2
84.2523681904932,3,0,0,0,0,0,1.0,0
93.79283875096306,5,0,0,0,0,0,0.9542025733355523,0
74.37723812281065,11,0,0,0,0,1,0.9713982682418363,1
89.3400104283796,7,2,0,1,0,0,0.9614166636808189,2
85.14049179823819,9,0,0,0,0,0,0.8289458633851148,0
83.21240766891006,6,0,0,0,0,0,0.9615590980266477,0
79.72464095227916,5,0,0,0,1,0,0.8201190557859297,2
86.06852179932294,5,0,0,1,0,0,0.7859587731514567,2
92.03552431325316,0,0,0,0,0,1,0.8249180099665249,1
89.21699782983376,12,0,0,0,0,0,1.0,0
91.6735915558856,9,1,0,1,0,0,0.6480507567723749,2
80.02586573860712,7,0,0,0,0,0,0.5612833798800767,1
94.96106978854496,1,1,0,0,0,0,0.8559632045913299,1
95.3103070617654,0,0,0,0,0,0,1.0,0
89.62354313777593,17,2,0,0,1,0,0.8352124040350999,2
90.16195390568983,4,2,0,0,1,0,0.9118476342496609,2
79.80682238305872,5,0,0,0,0,0,0.9712417445806539,0
67.70781105271843,4,2,0,1,0,0,0.8654499335757886,2
89.25266838433708,10,0,0,0,0,0,0.6513120003136091,0
85.5609208673149,3,0,0,0,0,0,0.4557994464641507,1
90.85008418738268,1,0,0,0,1,0,0.8363398491255924,2
89.75839451458309,12,0,0,0,1,0,0.8370536854490818,2
88.82687370876862,4,0,0,0,0,0,0.9419006448380356,0
98.4192142803536,10,0,0,0,0,0,0.9371853235622334,0
90.1823207998615,14,0,0,0,0,0,0.8193530277051122,0
100.0,8,0,1,1,0,0,0.4718875627070918,2
74.66598387754003,16,1,0,0,0,0,0.8459076762082433,1
77.30332346794133,1,0,0,0,1,0,0.8749634452300842,2
90.26471230600414,10,0,1,0,0,0,0.8891524746313184,2
76.78040515330129,2,0,0,0,1,1,1.0,2
75.26982629860971,1,0,0,0,0,1,1.0,1
74.76235613091669,6,0,0,0,0,0,0.9224190178578366,0
80.78402728441642,7,1,0,0,0,0,1.0,1
74.25079093219928,2,0,0,0,0,0,1.0,0
87.2191961730024,6,0,0,0,0,0,0.8045741136450248,0
80.47207103218592,3,0,0,0,0,1,1.0,1
87.40032680623781,9,0,0,0,0,0,1.0,0
73.99949350654349,5,1,0,0,0,0,1.0,1
96.07978583613124,4,0,0,0,0,1,1.0,1
82.13109982088557,0,0,0,0,0,0,1.0,0
76.01004199108075,1,0,0,0,0,0,1.0,0
100.0,2,0,0,0,0,0,0.9205741802879734,0
100.0,3,0,0,0,0,0,0.9977372997690482,0
100.0,0,1,0,0,0,0,1.0,1
73.65575816977739,6,0,0,0,0,0,0.8169096731254146,0
100.0,7,1,0,0,0,0,0.7305447018929339,1
88.56779401272208,2,1,0,0,0,0,0.9116388351472303,1
79.35300488634033,2,0,0,1,0,0,0.7556761719601786,2
57.71236652198964,0,1,0,0,0,0,0.5605369473053202,1
86.05191364068492,4,0,0,0,0,0,0.7301302395247873,0
70.71863245394303,4,0,0,0,0,0,0.8985423358869292,0
72.80551023118309,8,0,0,0,0,0,0.9271554303649777,0
76.9675036106116,0,0,0,0,0,0,0.7340806158986333,0
95.3736180615151,6,3,0,1,0,1,0.9805495766383476,2
75.85327536748677,3,0,1,0,0,0,0.7317657111568246,2
77.69832824867217,0,0,0,1,0,1,0.7262981766923297,2
85.71324909039969,3,1,1,0,1,0,0.9543684268831011,2
76.88465660528183,1,0,0,0,1,0,1.0,2
84.3414456751164,9,0,0,0,0,0,0.8421177019870609,0
78.23238353278978,2,0,0,0,0,0,0.8637010642509293,0
73.9231347476723,4,0,0,0,0,0,0.8461088145426165,0
82.9730349846625,6,0,1,0,0,0,1.0,2
100.0,0,1,1,1,0,0,0.821206548711613,2
70.51780179238102,0,0,0,0,1,0,0.6641595016009763,2
87.75644542838712,5,1,1,0,0,0,0.6661011318754644,2
100.0,1,1,0,0,0,1,1.0,1
70.89978485551057,10,2,0,0,1,0,0.818994515993119,2
83.24992355891311,3,0,0,0,0,0,0.9073128640863254,0
81.31834657061664,2,0,0,1,0,0,0.9842045275656833,2
59.60773299124995,11,0,0,1,0,0,0.8133418890953853,2
71.00712678999588,2,0,0,0,0,1,0.9500738061682888,1
65.83359502602411,3,0,0,0,0,0,1.0,0
82.56998308604796,10,1,0,0,0,0,0.7351028548506651,1
100.0,8,0,0,0,0,0,1.0,0
81.93588323603844,5,0,0,0,1,0,0.7840120834482186,2
86.89592365170996,4,0,0,0,0,0,0.8494029548878287,0
77.56948545685246,14,1,0,0,0,0,0.9375089848880361,1
76.6996702413587,0,2,0,0,0,0,0.9705135984182885,1
89.67884470296904,1,0,1,0,0,0,0.8192562792343846,2
97.50168568315227,3,0,0,0,0,0,0.9748404720589929,0
80.61301000175858,3,0,1,0,0,0,0.9877941241233275,2
81.60910284914172,1,1,1,0,0,0,0.9916519106326013,2
100.0,9,0,0,0,1,0,1.0,2
75.56748177965514,4,1,0,0,1,0,0.9504386629320589,2
92.37125560336659,1,0,0,0,0,1,0.8270176021987418,1
83.62442624384828,3,0,0,0,0,0,0.9159269553671071,0
89.16578086596365,0,0,1,0,1,1,0.6198268139810952,2
75.22960101671009,6,1,0,0,0,0,0.712864112756241,1
81.24880505007097,3,2,0,0,0,0,0.9028679231997103,1
71.89053141918583,9,0,0,0,0,0,0.9125996076564249,0
96.65732819917598,3,2,1,0,0,0,0.9308502009296211,2
100.0,0,0,1,0,0,0,0.8551113591238231,2
81.09438063088884,0,0,0,0,0,0,0.9932272972407923,0
65.56144048980062,5,0,0,1,0,1,0.8646761878715701,2
77.45624903307812,14,1,0,0,1,0,1.0,2
93.5062779706386,1,0,1,0,0,0,1.0,2
79.36889180866328,0,0,0,0,0,0,0.8559062177202063,0
77.65282453004778,14,1,0,1,0,0,0.7972278978451609,2
82.10563512594148,4,1,0,0,0,0,0.8886611992599748,1
83.66708480190553,0,0,0,0,0,1,1.0,1
74.85183798937912,1,0,0,0,1,0,0.7735486983048785,2
87.83212990985022,11,0,0,0,0,0,0.9576557078483084,0
78.29171390636701,8,0,0,0,0,0,1.0,0
89.02351074355859,8,0,0,0,0,0,1.0,0
100.0,6,0,0,0,0,0,0.7718016776589826,0
64.90277360722234,2,0,0,0,0,0,0.928065158162727,0
86.47987861311404,0,1,0,0,0,0,0.8510879401500074,1
79.72629556756739,0,1,0,0,0,0,1.0,1
72.0888258579772,2,1,0,0,0,0,1.0,1
92.45280262226748,9,1,1,0,0,0,0.7892125206227661,2
89.40227435891707,2,0,0,0,1,0,0.950157086106758,2
64.7554144537144,7,1,0,0,0,0,1.0,1
76.6376897580932,0,1,0,0,0,0,0.9479152231862672,1
80.56221140562323,6,0,0,0,0,0,1.0,0
74.3179749388905,1,0,0,1,1,0,0.952769624920836,2
74.87307656663609,2,2,0,0,0,0,1.0,1
87.69421559103574,6,0,0,0,0,0,0.8749809292507037,0
87.25592114810286,3,0,0,0,0,0,0.7764228203128044,0
79.22599004113174,0,0,1,0,0,1,0.6211284266131292,2
83.04966774727342,9,0,0,0,0,0,0.973385175860552,0
78.59159827690914,6,0,0,0,0,1,0.8390417439718819,1
71.427217206826,9,0,0,0,0,0,0.8478832653181085,0
93.74233267465434,8,0,1,0,1,1,0.823741650304291,2
86.57628243055129,5,0,0,0,1,0,0.867308288378335,2
74.16836624766518,0,2,0,1,0,0,0.7825410828122374,2
93.79861780824032,0,1,0,1,0,0,0.7569560769062018,2
71.38438877326298,7,1,1,0,0,0,0.7695827781812387,2
100.0,4,0,1,0,0,1,0.919422138532115,2
69.34474714558799,6,1,0,0,0,1,0.9586758511384191,1
86.80847899536663,6,0,0,0,0,0,1.0,0
66.9832951128711,7,2,0,0,0,0,0.8947953225631,1
100.0,6,0,1,0,1,1,0.8168732521935388,2
86.8867771710975,5,0,0,0,0,0,0.6226523322373008,0
91.72833459975064,0,0,0,0,0,0,1.0,0
95.53811234291204,5,0,0,0,0,0,1.0,0
95.80513781760541,10,2,0,0,0,0,0.5174818205690093,1
93.43026482821878,10,0,0,0,0,1,0.8499143158221059,1
76.96362319871149,13,0,0,0,0,0,0.7957802740661205,0
85.81763598761584,8,0,0,0,0,0,0.9893650216784777,0
81.00391061366713,2,0,0,0,0,0,1.0,0
65.86256141993394,5,0,1,0,0,0,0.7819814927172561,2
100.0,1,0,0,0,1,0,0.7905788868816208,2
95.48389324695117,0,0,0,0,1,0,1.0,2
89.7381999046767,0,0,0,0,0,0,1.0,0
86.11785938426571,11,1,1,0,0,0,0.677721624041034,2
81.58120604506837,4,1,0,0,0,0,0.5666889638364818,1
75.01302947353761,2,0,1,0,1,0,0.9632340175118509,2
77.72708888007271,14,0,1,0,0,0,0.5747420687124605,2
83.31447611052987,0,1,0,0,0,0,1.0,1
72.89390857105344,0,0,0,0,0,0,0.9857793654091508,0
76.19250293340446,11,0,1,0,0,0,0.7229874207085517,2
88.36676551569161,6,0,1,0,0,0,0.745224206640964,2
77.38770030847816,0,0,0,0,0,0,0.9398552728746862,0
86.61408208317874,0,1,0,0,0,0,1.0,1
62.440833393762865,2,2,0,0,0,1,0.9210874383737988,1
84.81878831450099,10,1,1,0,0,0,1.0,2
95.3651254199188,14,0,0,0,0,0,0.8149684187822799,0
78.65315318305986,3,2,0,0,0,0,0.5501849687324808,1
68.48900191317074,6,2,1,0,0,0,0.8641228919587078,2
91.95552515528937,18,0,1,0,0,0,0.9352600462496148,2
71.30528198550222,10,0,0,0,1,0,0.6649778141024667,2
93.44083402891991,8,0,0,0,0,0,0.7098572741506185,0
79.93704745772979,0,1,0,0,0,0,0.7890915685001908,1
94.87195101565656,5,0,1,0,0,1,0.7606623649218904,2
80.27789837448424,4,0,0,0,0,0,0.6518388243950258,0
92.03125715552629,7,0,1,0,0,0,0.8295499254992887,2
87.11857931331099,7,2,0,0,0,0,0.8899509688268185,1
82.78945701885283,5,0,0,0,0,0,0.8445126389441459,0
71.16686178226834,7,0,0,0,0,0,1.0,0
84.55239764230765,6,0,0,1,0,0,1.0,2
77.82172764267308,10,0,0,0,1,1,0.787948818702209,2
89.11226570130584,3,0,0,1,0,1,1.0,2
85.01361396057612,0,0,1,0,0,0,1.0,2
74.82746015789152,3,0,1,1,0,0,0.6815126120093637,2
96.90832462636875,0,0,0,0,0,0,0.6874314461303328,0
74.07083905589661,9,0,1,0,0,0,0.6249579184019183,2
93.30264787178655,3,1,0,0,0,0,0.8237296783376493,1
77.59333894342114,13,0,0,0,0,0,1.0,0
100.0,6,0,0,0,0,1,0.7396945247238389,1
100.0,2,1,0,0,0,0,0.6521125850857283,1
81.01680607036663,2,0,0,0,0,0,0.8499578574413265,0
89.59825279538501,5,1,0,0,1,0,0.641226967856803,2
80.7539329536832,0,0,0,0,0,0,0.7544994262926209,0
93.31850066887804,4,0,0,1,0,0,1.0,2
81.85658472481563,11,3,0,0,0,0,0.8428478027304769,1
83.94604695789214,3,0,0,1,0,0,1.0,2
82.09584705517773,5,0,0,0,1,0,0.7232086386272907,2
97.45574561756138,0,0,0,1,0,0,1.0,2
94.86648387365145,0,0,1,0,0,0,0.728881513106992,2
95.64425003020406,0,0,0,0,1,0,0.7063290048473944,2
74.1016924357544,12,2,0,0,0,0,0.9768706505987764,1
92.46099305877249,5,0,0,0,1,0,0.7845271643539697,2
100.0,10,2,0,1,1,0,0.5520702919831592,2
80.20577187395178,11,0,0,0,1,0,0.9796148084757623,2
90.51334034786602,4,0,0,0,0,0,0.97284752492826,0
81.35536807616643,16,1,1,0,0,0,0.8984121013812939,2
87.8573187336705,4,1,0,0,0,0,0.780542238977066,1
75.32355712568058,0,1,0,0,0,0,0.8278023229574232,1
82.34655548595124,4,0,1,0,1,1,0.8430830288000853,2
71.74198832184031,2,0,0,0,0,0,0.8820326803368915,0
74.9172781104633,4,1,0,1,1,0,0.7184034026132495,2
87.88808332024914,4,0,0,0,0,0,0.7881101897144346,0
88.6237588556157,5,0,0,0,0,0,0.8683477737942908,0
91.63636884331781,0,0,0,0,0,0,0.80224500014325,0
87.93967162693556,0,0,1,0,0,1,0.6410319042778252,2
74.9155113060155,6,0,1,0,1,0,0.7828176797337072,2
83.18193115222114,4,0,0,0,0,1,1.0,1
83.24995562016873,7,0,1,1,0,1,0.9934362358780958,2
80.34353865047721,11,2,0,0,0,0,0.9706062698264619,1
76.59647214832248,0,0,0,0,0,1,0.856532213100835,1
97.14478949666484,10,0,1,0,0,0,0.8290132313519976,2
77.98956311875078,0,1,0,0,0,0,0.9316871939180013,1
86.25918679605124,0,0,1,1,0,0,1.0,2
70.02866950302538,0,0,0,0,0,0,0.5326716774145408,1
78.00188217737316,6,0,0,1,0,1,0.9875282988951041,2
82.66287532622447,6,0,0,0,1,0,1.0,2
88.6702810276135,4,0,0,0,0,0,1.0,0
91.20097870324665,10,1,0,0,1,0,0.894871027925151,2
77.87589616815251,2,0,0,1,0,1,1.0,2
100.0,13,0,0,0,0,0,1.0,0
57.3162232375802,9,0,0,0,1,0,1.0,2
93.365843071129,0,0,0,0,0,0,0.5508813884116617,1
81.69260581044662,3,0,0,0,0,0,0.7915213535732454,0
80.48564594647686,12,0,0,0,0,0,0.9146603387116589,0
100.0,18,0,0,0,0,1,1.0,1
84.62504767363633,8,0,0,0,0,0,0.9037617165900672,0
89.0495573856263,5,0,0,0,0,0,0.9897122351286833,0
62.14735661575616,7,2,1,1,0,1,0.6924084603558034,2
77.12181780685476,0,0,0,0,1,0,0.8565773580532008,2
70.43880174741366,4,1,0,1,0,0,0.9483555184869483,2
94.56301927380416,2,1,0,0,0,0,1.0,1
91.51879270382588,2,1,1,0,0,1,0.8805218990042427,2
84.2161416354669,0,0,0,0,0,0,0.7228294722054964,0
75.33200471437553,8,0,1,0,1,0,0.8578345061229785,2
83.45290020199783,2,0,0,1,1,0,0.7093111665435682,2
93.17532990999857,8,0,0,0,0,0,0.8843677614145457,0
81.03776106714868,12,0,1,0,0,0,0.9640787768472129,2
100.0,10,1,0,0,0,0,0.9504815741607966,1
89.85647210005976,5,0,1,0,0,0,0.9764531811219115,2
85.03379188833561,3,0,0,0,0,0,0.7245422721106537,0
94.10264684613274,0,2,0,0,0,1,0.7258730052966686,1
92.36245675317993,0,0,0,0,0,0,0.9293896498055246,0
80.89692820378893,11,0,0,1,0,0,0.8978059778244297,2
84.11812808429214,6,1,0,1,0,1,0.8366548818829034,2
76.55047529627296,8,0,0,0,0,0,0.7812384793589334,0
81.2524031359892,4,2,0,1,0,0,1.0,2
63.54312542208467,5,2,0,1,0,0,0.7306434600804659,2
95.64353009139711,14,2,0,0,0,0,0.9567170044793706,1
83.50406368857605,11,0,0,0,1,0,0.9694183147494659,2
87.72255741278354,1,0,0,0,0,0,1.0,0
83.80373757802413,1,2,0,0,0,0,1.0,1
91.99426129243282,9,0,0,0,1,1,0.9678020055005567,2
99.33411832131323,3,0,0,0,0,0,1.0,0
87.92760983729033,4,0,1,0,0,0,1.0,2
80.20314608508531,2,0,0,0,0,1,0.7294349030346714,1
76.80215470205219,1,0,0,1,0,0,0.966769025525298,2
88.36506491065413,0,1,0,0,0,0,0.7841792878938054,1
100.0,2,0,1,0,0,0,0.7984684064894014,2
84.85273558234701,5,0,0,0,0,0,0.6691555657292999,0
81.03140792785447,11,0,0,0,0,0,0.7770571826628238,0
93.07544550274723,6,1,0,0,0,0,0.6854966584900639,1
64.35543642745071,7,0,1,0,0,0,1.0,2
81.47104427677161,0,1,1,0,0,0,0.7315508859829726,2
84.54036741007945,8,0,0,0,1,0,1.0,2
77.6708124006028,0,0,0,0,0,0,1.0,0
81.23763757317536,2,1,0,0,0,0,0.7884171656241903,1
100.0,9,0,0,0,0,0,0.9598471671226652,0
100.0,0,0,1,1,0,0,0.9158301447287163,2
73.38496701420047,11,0,0,1,0,0,0.8193251181931658,2
76.693310037195,3,3,0,0,1,0,0.8814557141304997,2
86.1294069612204,9,0,0,1,0,0,0.703735117717309,2
66.65177359137024,14,0,1,0,0,0,1.0,2
77.24287470973661,6,0,0,0,1,0,0.8267959951161037,2
72.94277766103079,2,0,0,1,0,0,0.7594856275677059,2
97.11406376358006,5,0,0,1,0,1,0.9988366548802546,2
76.17460806078711,5,0,0,1,1,0,0.907546996302984,2
85.52212139035866,4,0,0,0,1,0,0.8052230694388411,2
72.24130820544912,0,0,0,0,0,0,1.0,0
93.58802013302567,4,0,0,0,0,0,0.8292455575041235,0
91.04473350906208,0,1,0,0,1,0,1.0,2
100.0,0,0,0,0,0,0,1.0,0
93.49351657874408,17,0,0,0,0,1,0.6066812034708764,1
76.38195563526739,0,2,1,0,0,0,0.9044004862772758,2
76.28056213924283,4,2,0,0,0,1,0.9561565651475098,1
88.17865560124983,5,0,0,0,1,0,1.0,2
69.83607553403226,0,0,0,0,1,0,1.0,2
69.43066555330594,11,0,1,1,0,0,1.0,2
80.50459226047761,0,0,0,1,1,0,0.6777352757851274,2
83.63153082094468,10,0,0,0,0,0,0.9055520519309544,0
82.41374689498113,1,1,1,0,0,0,0.9390533026428934,2
84.91832597815619,3,2,0,1,0,0,0.9667363301897426,2
84.00529636778775,14,0,0,0,0,0,0.5801664154776425,1
89.03990152206153,1,0,1,0,1,0,0.8924012148946814,2
81.16526051036469,4,1,1,0,0,0,0.9621446180768848,2
76.07536361658106,1,0,0,0,0,0,0.7138122172144005,0
64.32346308096956,4,0,0,1,0,0,0.8117850724591977,2
89.34168887733,0,0,0,1,0,0,0.6893547517465559,2
77.23955345343174,6,0,0,0,0,1,0.9174345494173414,1
74.83738091664621,0,0,0,0,0,0,1.0,0
91.05549111869155,0,0,1,0,0,0,0.9352961754455273,2
100.0,0,1,1,0,0,0,1.0,2
83.16977728581654,4,0,0,0,1,0,0.9054003936133539,2
87.58178439779512,5,1,0,1,0,0,0.9469457521951341,2
91.46751761470026,14,0,0,0,0,0,0.9030027137112411,0
72.5843037112417,6,2,0,0,0,0,0.7692615707295459,1
88.21092350328719,0,3,0,0,0,0,1.0,1
86.96843106999408,7,0,1,1,0,0,0.9523187713306895,2
92.13297582166096,6,0,0,0,0,1,0.8218315876756975,1
87.60556142053281,1,2,0,0,0,0,1.0,1
73.98185044802939,2,2,0,0,0,1,0.8275034853963036,1
79.34506920192574,12,1,0,1,0,0,0.8941474620156742,2
76.07036601924342,0,0,0,0,0,0,0.9005139739316796,0
73.27593399434858,0,0,0,0,0,0,0.7609537021826371,0
88.3392998385147,5,0,0,0,0,0,0.8110433786497194,0
79.55472122041034,7,0,0,0,0,0,0.7012914163749313,0
78.77486564035114,10,0,0,1,0,0,1.0,2
87.54633417989726,0,0,1,0,0,0,0.8612815667848046,2
85.71720181339748,8,2,0,0,0,1,1.0,1
65.13814141717528,1,0,0,0,0,0,1.0,0
70.67417477288487,1,0,1,1,0,0,1.0,2
76.25536939673393,12,0,0,0,1,0,0.9607022006779979,2
77.8690461484155,0,0,0,0,0,0,0.9414184919797307,0
87.95651461731903,9,1,0,0,0,0,0.7995850735570261,1
86.01625765807701,1,0,0,0,0,0,0.7902230862663856,0
81.08199453281827,4,1,0,1,0,0,1.0,2
84.77581874851076,8,1,0,0,0,1,0.8334137533892508,1
90.57526909106643,7,0,1,1,1,0,0.8774859735095846,2
78.61247115313824,13,0,1,1,0,0,1.0,2
64.81117158605424,0,0,0,0,1,0,0.8779366364719704,2
89.12434657541718,1,0,0,0,0,0,0.9150165581282739,0
80.0007612083367,1,0,0,0,0,0,0.7621358575375579,0
87.85262561476881,10,0,1,0,0,0,0.9841883243522842,2
95.7358315514183,5,2,0,0,0,0,0.9059482483365977,1
79.68380705766592,7,0,0,0,0,0,0.937998903526556,0
77.03153812189136,5,0,1,0,1,0,0.9228388324313569,2
82.94356759108561,0,0,0,0,0,0,0.8987403443515746,0
76.57502918334939,3,0,0,0,1,0,1.0,2
81.42488729678641,6,0,0,0,0,0,0.5489311807259745,1
80.41423387103538,4,3,0,0,0,0,0.7537958367148196,1
88.25380865639502,12,2,0,0,0,0,0.8488267729687583,1
68.76824914577915,0,1,0,0,0,0,0.825764230422648,1
99.13882862307426,2,0,0,1,1,0,0.9308747778122267,2
100.0,7,0,0,1,0,1,0.9539838600630552,2
85.33967178525644,12,2,0,1,0,0,0.9594111822931585,2
82.43223778784562,5,0,0,0,0,1,0.9154628341483532,1
96.93625832522287,12,1,1,0,0,0,0.7074110171398768,2
73.11993505257325,0,0,1,0,0,1,0.8877536661114683,2
91.48355122006889,2,2,0,1,1,1,0.6860502914215519,2
81.94479886802164,7,0,0,0,0,0,0.7343028710203157,0
73.92763483363098,10,0,0,0,0,0,0.8518278944002402,0
100.0,14,0,0,0,0,0,0.8018009121422461,0
78.79421417256775,7,0,0,0,0,0,1.0,0
94.47288219781713,5,0,0,0,0,1,0.7771947454885678,1
86.18162406664858,10,2,1,0,0,0,1.0,2
100.0,4,0,0,0,0,0,0.9244263787303156,0
85.88027639506087,0,2,1,0,0,0,0.8113070400019766,2
96.26882966871584,9,3,0,1,0,0,1.0,2
84.84188854018579,9,0,0,0,0,0,0.692066193526126,0
71.62874334718057,8,0,0,0,1,0,0.9825030118905453,2
100.0,3,0,0,0,0,0,0.7080943214930464,0
75.6635573375414,0,0,1,1,1,0,0.670952531166733,2
82.23273638231713,6,0,1,1,0,1,1.0,2
88.48846947952853,10,0,0,1,0,0,0.7643277367262453,2
98.04901934089271,0,1,0,0,1,0,0.47795017864482964,2
87.1820784604743,11,0,1,1,0,0,0.9485632000165864,2
87.02800600897342,5,0,0,0,0,0,0.9876107606680623,0
92.10986208490367,2,1,1,1,1,0,1.0,2
90.96470145178732,3,3,1,0,0,0,0.6856964054195593,2
89.46087202131784,7,1,1,0,0,0,1.0,2
88.93056814499053,0,0,1,0,0,0,1.0,2
89.46138495687693,5,2,1,0,0,0,0.7206779168353088,2
87.47735860213685,3,0,0,0,0,0,0.7206657711608477,0
81.81839664682029,12,0,0,1,0,0,0.7306422892024896,2
85.15076904630652,10,0,0,0,0,0,0.776610624739697,0
82.76620516633662,5,0,1,0,1,0,0.8371596079519381,2
92.29258838491648,8,0,0,0,0,0,1.0,0
82.80953472090069,0,0,0,0,1,1,0.9321848716463635,2
80.91128516852896,7,0,0,0,1,0,0.8766707873928439,2
100.0,0,0,0,0,0,0,0.8268495669615242,0
94.96541458181923,6,0,0,0,0,1,0.744804774735334,1
76.22791263019526,11,0,1,0,1,1,0.7372921957487965,2
77.87108024014931,5,1,0,0,0,0,0.9575966081101739,1
66.79961916066087,10,1,1,0,0,0,0.855654273548355,2
70.774356904325,7,0,0,0,0,0,1.0,0
100.0,0,1,0,1,0,1,0.7175600339076852,2
71.84551938459174,8,0,1,0,1,0,0.8059596521981144,2
79.95723693271195,9,1,0,0,0,0,0.9295901620468192,1
79.11034161519443,0,0,0,0,0,0,1.0,0
89.29461431769151,0,0,0,0,0,0,1.0,0
87.02817880509548,9,1,0,0,0,0,0.8920792640653435,1
82.10315362039725,5,0,0,1,1,0,0.8862635260816076,2
90.19508571330407,3,1,0,0,0,0,0.8341580975263161,1
98.29691269199074,3,0,0,0,0,0,0.9422423178715089,0
97.4413277536194,8,1,0,0,0,0,0.9064660251168872,1
86.23132112099293,3,1,0,0,0,0,0.8695128000174082,1
81.68283558428838,4,1,0,0,0,0,1.0,1
78.11274521041138,5,0,0,0,0,0,1.0,0
85.69822345999086,0,0,0,1,0,0,0.7628758292367674,2
80.1412548112901,0,1,0,0,0,1,0.610141357224573,1
83.39393884306035,4,1,0,0,0,0,1.0,1
81.45741268908775,1,0,0,0,0,0,0.6219474841566579,0
96.87130899537624,6,3,0,0,0,0,0.6848152345271784,1
81.52768192389647,0,0,0,0,0,0,0.7346291495507218,0
75.67535611397963,4,0,1,0,0,0,1.0,2
84.96854254275722,0,0,0,0,0,0,0.8572618070697821,0
96.78895280743498,0,1,0,0,0,0,1.0,1
90.0055732619271,0,0,1,0,0,0,0.7462613010648905,2
89.96952492353088,6,1,0,0,0,0,0.9649722598628052,1
89.76605871005863,3,0,0,0,0,1,0.9614174441501497,1
77.2038618171251,11,0,0,0,0,0,0.8593956074653034,0
85.56367353273127,8,0,0,0,0,0,1.0,0
96.7760919526605,1,0,0,0,0,0,0.8129897944353897,0
82.37138869122221,9,0,0,1,0,0,0.6829906142526803,2
68.3441578062992,6,0,1,0,0,0,1.0,2
86.73711833665793,3,0,0,1,0,1,1.0,2
82.89427064044712,3,0,0,0,0,0,0.7052283356026646,0
82.76140077571635,0,0,1,0,0,0,0.7364593004838599,2
74.54693276047375,4,1,0,0,0,0,0.8374304424326942,1
94.14999530988895,13,0,0,0,0,0,0.8286670748330957,0
81.02213085428833,2,1,1,0,0,0,1.0,2
88.15942720768041,9,0,0,0,0,0,0.7733758856700654,0
87.67677750729045,5,0,0,0,0,0,0.9502041283216944,0
82.78240105684668,12,1,0,0,1,0,1.0,2
81.67313542754269,2,0,0,0,0,0,0.736851606630038,0
85.15655371101131,0,0,0,0,0,0,0.929110510145046,0
67.46424917946975,11,0,0,0,0,0,0.9358888228901774,0
99.58175728320117,7,0,0,0,1,0,0.9140806916421883,2
79.94549052712195,13,2,0,0,1,0,0.8643059880381172,2
76.77750393743652,2,0,0,1,0,0,0.7870275369700771,2
74.21092218844049,7,0,0,0,0,0,0.8193536695006609,0
87.32246944859905,20,0,0,0,0,0,0.9683545826243602,0
88.22494491109386,6,0,0,0,0,0,0.9362524987241801,0
75.85594950548335,5,2,0,0,0,0,0.923941293347974,1
85.83918115923107,13,0,1,0,0,0,0.6877906166866176,2
100.0,4,1,0,0,1,0,1.0,2
89.43584088210234,7,2,0,0,1,0,0.857509119260705,2
93.33869769724163,4,0,1,0,0,0,0.9239160473088764,2
78.73346649020097,12,0,0,1,0,0,1.0,2
87.3972726465159,14,0,1,0,0,0,1.0,2
71.56923197451472,10,0,0,0,0,0,1.0,0
93.80549388653168,5,0,0,0,0,0,0.6797336458760135,0
76.15418457693956,4,0,1,0,0,0,0.6341114099506828,2
100.0,5,0,1,1,0,0,0.849972309528137,2
96.28906322937922,3,0,0,1,0,0,1.0,2
87.79343741545694,4,0,1,1,0,0,0.7523750020732195,2
80.64576686324244,6,0,0,0,0,0,0.9118636599277817,0
83.50581125617586,6,0,0,0,1,1,0.736760831413032,2
100.0,0,2,0,0,1,0,0.8304132351544011,2
73.56498002133391,1,0,0,1,0,0,1.0,2
79.61083048230984,6,0,1,0,0,0,0.9273395317674349,2
79.35118064492299,7,1,0,0,1,0,0.7314542773701107,2
82.81796704486682,7,0,0,0,0,0,0.9214606173465034,0
93.82479222825162,2,0,1,0,0,0,0.9650440655048041,2
100.0,0,0,0,0,0,0,0.8294385569800424,0
73.04657565528954,0,0,0,0,0,0,0.7861753770711489,0
92.54269462898303,9,2,0,1,0,0,0.8809427698323723,2
95.12533190651213,12,0,0,0,0,0,1.0,0
77.2013149564496,11,1,1,0,0,0,0.5062915884878012,2
74.29397469538165,0,0,0,0,1,0,0.9235734124961648,2
66.98692359832744,8,0,0,0,0,0,0.6250491959961488,0
70.37746322172394,0,0,0,0,0,1,1.0,1
87.69589605728139,0,0,0,0,0,0,1.0,0
96.30521319912751,6,1,1,0,0,0,0.6723660147118122,2
98.20784206975648,0,2,0,0,0,0,1.0,1
73.10790424334894,1,0,1,0,0,0,1.0,2
72.63012899314766,1,0,0,0,0,0,1.0,0
61.22683684533942,0,0,0,0,0,0,0.90687269286084,0
97.22260659834372,3,0,0,0,1,0,0.895735885162107,2
84.97849685461338,5,0,0,0,1,1,0.871998513568125,2
88.37742922496989,8,1,0,0,0,0,1.0,1
81.0215658914606,10,0,0,0,0,0,0.9863814512488407,0
85.47720088453181,8,1,1,0,0,0,0.9579116825513145,2
93.37586025891856,2,2,0,0,1,0,0.760325002416202,2
80.44741778018467,0,0,0,0,1,0,1.0,2
69.96449780458329,2,0,0,0,0,0,0.7190177186292084,0
92.52881434676712,9,0,0,1,0,0,0.8234106361332595,2
76.64348172430991,15,1,0,0,0,0,0.9403502553485358,1
77.1287251410052,0,0,0,1,0,0,0.9738717778537733,2
83.03068963274308,1,0,0,0,0,0,0.8391536010950246,0
100.0,6,0,1,0,0,0,0.7143561313767439,2
79.55130228515175,5,0,0,1,1,0,1.0,2
97.3354143948082,0,0,0,0,0,1,0.7226326721669578,1
87.9941767341875,10,0,0,1,0,0,0.9283404584565411,2
75.59893490040638,7,0,0,0,0,0,1.0,0
83.03064346555347,0,0,0,1,0,0,0.9620905414511931,2
82.5676586798327,5,1,0,0,0,0,0.7955452724922444,1
87.99979812963674,1,0,0,0,0,1,0.9081882290299964,1
73.08144412790486,6,0,0,1,1,0,0.9230032893625829,2
80.90444997884192,6,1,0,1,0,0,0.9650996926272483,2
77.78176761266552,1,0,0,1,0,0,0.9171469934358404,2
90.20325563115146,13,0,0,1,0,0,1.0,2
96.95464627769002,12,2,0,1,0,0,1.0,2
71.78625086619222,5,0,1,0,0,0,0.843127375019183,2
90.0573817016623,0,0,0,0,1,0,0.8973963768220888,2
82.29299424741825,6,2,1,0,0,0,0.7266878591897542,2
80.34159852543729,8,0,1,0,0,0,0.9446418315941976,2
99.84235997559267,5,0,0,0,1,1,0.9431843560430586,2
75.79569212866087,5,0,0,0,0,1,0.8681657861591286,1
77.84288632763364,7,0,0,0,0,0,0.9179751521371702,0
94.71973166079496,11,0,0,0,0,0,0.6379244450983002,0
62.19626698184835,8,1,1,0,0,0,0.9379048574245513,2
88.67639687845285,5,1,0,1,1,0,1.0,2
83.91328701487463,5,0,0,0,0,0,0.9039279987149295,0
84.11697360870762,8,0,0,1,1,1,0.6754915951782107,2
82.08173765754752,3,1,0,0,1,0,0.9709940478488622,2
86.82515950153848,1,0,0,1,0,0,0.9719397246459573,2
92.97443870520553,3,0,0,0,0,0,1.0,0
63.445847792853556,8,1,0,0,0,0,0.4248341680276314,1
68.92280084254773,0,0,1,1,1,1,0.7895879423813985,2
86.37572518846484,7,0,0,1,0,1,0.9278102192196084,2
74.54851547485967,8,0,0,0,0,0,1.0,0
96.60363280741694,2,0,0,1,0,0,0.9800022061658538,2
86.48272807778112,12,2,0,0,1,0,0.7931514509282609,2
94.24379895940476,11,2,0,1,0,0,1.0,2
87.5225591469025,0,0,0,0,0,0,0.7518916318949774,0
83.11917893270679,11,0,0,0,1,0,0.882982234224696,2
85.66860646755002,7,0,0,1,0,0,0.798609045499654,2
65.49428014500535,4,2,1,1,0,0,0.7621122743402217,2
88.6789238499593,0,1,0,1,0,0,0.9221369655546227,2
83.8639632697626,6,0,0,0,0,0,1.0,0
69.54991034564353,11,0,0,0,0,0,0.9564212844266887,0
67.46998406365383,3,0,0,1,0,0,0.8438043635104856,2
81.60393135832707,5,0,0,0,0,0,1.0,0
95.33119219571205,2,2,0,0,0,0,1.0,1
86.58647595832606,7,0,0,0,0,0,1.0,0
92.1283525307314,14,0,0,0,0,0,0.8132767618014453,0
83.7479934744855,1,0,0,0,0,1,0.7626708957926474,1
77.71830597804485,14,0,0,1,0,1,0.8311837905787187,2
85.6059875678272,3,0,0,0,0,1,0.8618721927105388,1
99.11137841092176,2,0,0,0,0,0,0.9933309648673784,0
93.73189794142255,14,3,0,0,1,0,0.8962835583168487,2
80.45195191702854,8,0,0,0,0,0,0.6549723819424145,0
85.18597995761733,8,0,0,0,0,0,0.8609405276868171,0
94.47569277438748,10,0,0,0,0,0,0.9621752684734396,0
100.0,3,0,0,0,0,0,0.5862724023713335,1
81.2317974479087,0,2,0,0,1,0,0.8528140166484347,2
87.18770096039012,3,0,0,0,0,0,1.0,0
79.19253207202478,0,0,1,0,0,0,1.0,2
88.78915529360653,0,2,0,0,0,0,0.721802192447312,1
88.57610875879419,15,0,0,1,0,0,0.8532636683262432,2
85.36804823381821,14,0,1,0,0,0,1.0,2
100.0,8,0,0,1,0,0,0.807486454132656,2
72.76135941991618,4,0,0,0,0,0,0.9656936785811941,0
100.0,10,0,0,0,0,0,1.0,0
81.52038437106702,0,0,0,0,1,0,0.8281270881727774,2
92.75540875842157,0,0,0,0,0,0,0.8511906701711619,0
76.59522256947504,5,0,1,0,0,0,0.866849333341914,2
86.72671257111108,3,0,1,0,1,0,0.6052513967640932,2
88.0671609347193,6,0,0,0,0,0,0.8726673508887396,0
77.7897880971509,7,0,1,1,1,0,0.9559485977490935,2
77.45126701990151,5,1,0,1,1,0,0.9432800290614622,2
85.80499711304262,9,0,1,0,0,0,1.0,2
78.36619387646859,10,1,0,0,0,0,1.0,1
96.77735033174869,4,0,1,0,0,0,0.8507092717863058,2
68.99214972184814,5,0,0,0,0,0,0.9117610473645757,0
95.80267925730968,1,0,0,0,0,0,0.8265935477223681,0
71.35628048407813,5,0,0,1,0,0,0.6883267776831681,2
79.74100470808538,3,0,1,0,0,0,1.0,2
89.69023073987123,2,0,0,0,0,0,0.687248505397792,0
97.28348077943845,0,0,0,0,0,0,1.0,0
100.0,0,0,0,0,0,0,0.6966625923039536,0
98.76869682294469,4,0,0,0,0,0,1.0,0
89.69130779730529,0,0,1,0,0,0,0.8200998743762387,2
91.73423635747825,0,0,0,0,0,0,0.9333786771562451,0
89.0292502029065,12,0,0,0,0,0,0.8642985608142666,0
94.68404277379763,7,0,0,0,0,0,0.7705349926551173,0
82.97689944919952,13,0,0,1,0,0,0.9661723852030252,2
82.8887270220125,7,1,1,0,0,0,1.0,2
69.53445286765083,5,1,0,0,0,0,0.8108854392824889,1
